Crop,Growth_Stage,Temperature,Humidity,Rainfall_2d,Wind_Speed,Pest_Infestation,Last_Spray,Target_Spray
Cotton,Mature,39.1,77,13.3,2.6,1,Fungicide,No Spray
Tomato,Mature,23.0,61,47.6,12.1,0,Pesticide,No Spray
Cotton,Seedling,36.3,40,0.3,13.8,1,Fertilizer,Pesticide
Potato,Vegetative,20.4,88,1.4,11.9,1,Fungicide,No Spray
Rice,Mature,34.5,74,24.1,8.3,0,Fertilizer,No Spray
Potato,Vegetative,21.1,91,0.0,3.3,1,No Spray,No Spray
Rice,Mature,25.0,99,49.9,6.0,0,Pesticide,No Spray
Wheat,Vegetative,23.9,59,24.7,7.8,1,Fungicide,Pesticide
Maize,Seedling,38.6,81,8.8,4.9,0,No Spray,No Spray
Potato,Flowering,36.0,49,19.5,5.6,1,No Spray,Pesticide
Wheat,Seedling,30.5,32,41.7,8.1,1,Pesticide,Pesticide
Maize,Vegetative,39.9,30,16.6,6.8,1,No Spray,Pesticide
Tomato,Mature,36.9,44,9.3,14.3,1,Fungicide,Pesticide
Wheat,Seedling,30.1,69,32.9,7.8,0,Fungicide,No Spray
Cotton,Flowering,31.0,82,19.6,3.8,0,Fungicide,No Spray
Maize,Mature,26.7,69,25.6,8.3,0,Fertilizer,No Spray
Cotton,Seedling,38.4,76,5.8,10.8,0,No Spray,No Spray
Cotton,Mature,35.7,52,19.2,6.9,1,Pesticide,Pesticide
Cotton,Vegetative,32.6,94,33.0,6.5,1,Pesticide,No Spray
Rice,Mature,35.6,95,19.7,9.9,0,Pesticide,No Spray
Maize,Flowering,23.4,94,11.3,13.4,0,Fungicide,No Spray
Rice,Mature,23.2,69,4.5,3.0,1,No Spray,Pesticide
Potato,Mature,27.4,54,10.0,6.8,0,Pesticide,No Spray
Tomato,Seedling,37.4,36,13.8,2.7,0,No Spray,No Spray
Cotton,Flowering,35.8,62,43.2,7.0,1,Fungicide,Pesticide
Maize,Flowering,28.6,46,35.4,2.9,0,Pesticide,No Spray
Cotton,Mature,32.3,42,30.0,1.7,0,Fertilizer,No Spray
Cotton,Flowering,27.0,62,25.2,13.8,1,Fungicide,Pesticide
Potato,Vegetative,34.0,43,16.9,7.8,1,Pesticide,Pesticide
Potato,Seedling,27.9,55,29.4,8.1,0,No Spray,No Spray
Potato,Flowering,32.6,45,42.9,12.7,1,Fungicide,Pesticide
Rice,Flowering,33.4,98,23.2,6.7,0,Pesticide,No Spray
Tomato,Vegetative,32.0,39,14.7,13.9,0,No Spray,No Spray
Cotton,Seedling,34.8,47,38.6,6.9,1,Fungicide,Pesticide
Potato,Vegetative,35.5,75,35.2,6.3,0,Fungicide,No Spray
Wheat,Flowering,29.8,87,44.0,5.9,1,No Spray,No Spray
Wheat,Flowering,21.5,31,44.9,13.5,1,Pesticide,Pesticide
Tomato,Vegetative,35.7,90,6.1,3.8,1,Fungicide,Fungicide
Tomato,Vegetative,28.5,77,5.1,0.8,1,Fungicide,Fungicide
Tomato,Mature,23.8,91,2.6,8.8,0,No Spray,Fertilizer
Potato,Vegetative,23.0,53,15.7,3.7,0,No Spray,No Spray
Tomato,Vegetative,39.3,41,41.3,7.2,1,Fungicide,Pesticide
Maize,Seedling,27.7,92,20.4,8.3,0,Fertilizer,No Spray
Tomato,Mature,22.7,93,27.3,4.7,0,Fungicide,No Spray
Cotton,Vegetative,27.8,78,27.6,7.6,0,Pesticide,No Spray
Cotton,Vegetative,33.4,41,23.0,14.6,1,Fertilizer,Pesticide
Maize,Mature,25.2,69,31.1,5.3,1,Fertilizer,Pesticide
Wheat,Mature,33.9,45,42.5,9.0,0,Pesticide,No Spray
Wheat,Vegetative,33.3,77,8.9,11.2,1,Fertilizer,No Spray
Cotton,Vegetative,33.5,73,10.5,9.9,0,Fertilizer,No Spray
Wheat,Vegetative,38.4,78,23.4,3.1,1,Fertilizer,No Spray
Cotton,Mature,26.5,96,21.6,3.9,1,Fungicide,No Spray
Cotton,Mature,35.1,81,33.2,5.1,1,Pesticide,No Spray
Potato,Seedling,38.1,64,48.2,5.4,0,Fungicide,No Spray
Wheat,Vegetative,38.7,59,15.9,7.6,1,Fungicide,Pesticide
Potato,Flowering,35.7,98,4.3,2.0,1,Fertilizer,No Spray
Wheat,Vegetative,32.8,47,27.0,4.9,1,Fungicide,Pesticide
Cotton,Seedling,28.7,69,10.4,1.3,0,Fungicide,No Spray
Rice,Flowering,35.3,99,31.6,5.1,0,Fertilizer,No Spray
Cotton,Mature,29.9,55,30.2,9.2,0,Fungicide,No Spray
Rice,Seedling,29.6,47,37.2,7.5,0,Fertilizer,No Spray
Tomato,Mature,24.7,58,38.8,6.8,1,Pesticide,Pesticide
Tomato,Seedling,28.9,51,22.6,2.4,0,Pesticide,No Spray
Potato,Flowering,34.2,77,32.4,8.2,0,Fungicide,No Spray
Wheat,Seedling,26.4,57,32.1,0.9,0,No Spray,No Spray
Tomato,Mature,21.7,62,5.8,10.8,1,Fungicide,Pesticide
Tomato,Vegetative,25.7,47,25.9,13.0,1,Fungicide,Pesticide
Potato,Flowering,25.8,56,10.7,0.6,1,Fertilizer,Pesticide
Maize,Seedling,34.1,68,9.0,9.1,0,Fungicide,No Spray
Maize,Mature,27.4,57,36.3,12.2,1,No Spray,Pesticide
Maize,Flowering,37.9,93,36.8,3.0,0,Fungicide,No Spray
Cotton,Seedling,21.1,66,17.1,10.6,0,Fertilizer,No Spray
Wheat,Flowering,30.6,85,41.5,13.1,0,No Spray,No Spray
Maize,Flowering,36.7,99,8.9,1.4,0,Pesticide,No Spray
Tomato,Flowering,23.6,99,16.6,4.0,0,Fertilizer,No Spray
Wheat,Seedling,28.4,94,3.2,10.8,0,Pesticide,No Spray
Wheat,Vegetative,23.9,66,4.5,1.1,1,Fungicide,Pesticide
Maize,Seedling,35.9,50,18.4,3.4,0,Fertilizer,No Spray
Maize,Flowering,34.8,99,14.4,2.0,1,No Spray,No Spray
Maize,Seedling,29.1,85,44.8,13.9,1,Fertilizer,No Spray
Maize,Seedling,36.5,39,46.4,10.9,1,Pesticide,Pesticide
Tomato,Mature,26.9,83,39.9,11.0,1,Fungicide,Fungicide
Wheat,Seedling,20.5,73,38.0,8.9,1,Fungicide,No Spray
Maize,Seedling,39.4,82,11.2,7.5,1,Fertilizer,No Spray
Rice,Flowering,37.9,86,46.3,13.7,1,No Spray,Fungicide
Tomato,Seedling,31.5,83,2.9,2.2,0,Fertilizer,No Spray
Rice,Flowering,21.6,49,14.3,9.1,0,Fertilizer,No Spray
Rice,Vegetative,30.9,32,36.7,5.7,1,Pesticide,Pesticide
Rice,Mature,34.5,97,17.0,12.3,0,No Spray,No Spray
Tomato,Flowering,35.1,80,35.8,10.3,0,Fungicide,No Spray
Cotton,Mature,36.4,56,9.9,5.2,1,Pesticide,Pesticide
Cotton,Seedling,28.4,73,3.9,7.5,1,Fungicide,No Spray
Cotton,Flowering,22.9,87,32.0,13.5,1,Fungicide,No Spray
Cotton,Mature,24.7,94,40.3,10.6,1,Pesticide,No Spray
Wheat,Seedling,35.1,74,8.7,1.0,1,No Spray,No Spray
Potato,Seedling,39.6,34,32.4,2.4,0,Fungicide,No Spray
Maize,Flowering,22.1,73,42.0,5.0,0,Fungicide,No Spray
Cotton,Vegetative,26.7,94,18.1,10.0,1,Fungicide,No Spray
Cotton,Vegetative,29.6,100,21.0,6.7,0,Fertilizer,No Spray
Wheat,Vegetative,30.9,69,9.3,2.3,1,Fungicide,Pesticide
Wheat,Flowering,20.3,60,25.6,14.6,0,Fungicide,No Spray
Tomato,Flowering,27.3,73,10.5,8.9,1,Fungicide,Fungicide
Rice,Seedling,31.2,31,45.0,12.1,0,Fungicide,No Spray
Wheat,Vegetative,30.2,51,35.7,13.4,1,Fungicide,Pesticide
Rice,Flowering,29.6,74,17.4,0.9,0,Fungicide,No Spray
Rice,Mature,30.7,72,46.1,9.9,0,Pesticide,No Spray
Tomato,Mature,34.1,39,11.9,5.2,1,Fertilizer,Pesticide
Tomato,Flowering,38.8,64,25.5,5.3,1,Fertilizer,Pesticide
Cotton,Vegetative,27.8,81,8.8,6.8,1,No Spray,No Spray
Potato,Seedling,39.5,46,45.7,7.2,1,Pesticide,Pesticide
Maize,Mature,26.0,64,36.0,8.4,0,Fertilizer,No Spray
Maize,Flowering,25.9,43,8.8,10.7,1,Fungicide,Pesticide
Maize,Mature,39.1,81,2.2,5.4,0,Fungicide,Fertilizer
Wheat,Seedling,24.2,76,33.1,1.8,0,No Spray,No Spray
Cotton,Vegetative,38.6,57,12.7,6.9,1,No Spray,Pesticide
Cotton,Vegetative,23.1,48,39.6,11.4,0,Fungicide,No Spray
Maize,Vegetative,37.1,33,40.1,5.5,0,No Spray,No Spray
Maize,Vegetative,28.9,50,28.3,3.8,0,Fertilizer,No Spray
Rice,Vegetative,34.3,40,38.0,14.9,0,No Spray,No Spray
Tomato,Flowering,24.1,72,10.2,5.2,0,Fertilizer,No Spray
Cotton,Flowering,31.1,49,42.6,4.1,0,No Spray,No Spray
Tomato,Mature,32.3,86,7.4,11.9,0,No Spray,Fertilizer
Rice,Seedling,37.1,71,25.7,4.9,0,No Spray,No Spray
Tomato,Flowering,24.8,34,38.9,2.1,0,No Spray,No Spray
Wheat,Vegetative,37.5,84,45.0,9.4,0,Fungicide,No Spray
Potato,Mature,32.6,32,42.7,13.9,1,Pesticide,Pesticide
Maize,Flowering,28.8,56,8.5,2.9,0,Pesticide,No Spray
Cotton,Seedling,37.9,58,49.6,3.9,0,Pesticide,No Spray
Wheat,Flowering,28.8,68,4.8,10.9,0,No Spray,No Spray
Cotton,Flowering,36.8,93,28.8,4.2,0,Pesticide,No Spray
Cotton,Flowering,27.9,58,39.9,0.7,1,Pesticide,Pesticide
Maize,Vegetative,22.5,44,45.7,8.6,1,Fungicide,Pesticide
Tomato,Flowering,37.9,39,5.1,4.7,0,Fungicide,No Spray
Maize,Flowering,25.7,87,17.0,6.9,0,No Spray,No Spray
Maize,Mature,35.6,79,38.1,13.7,1,Fertilizer,No Spray
Maize,Seedling,32.1,59,43.6,12.8,0,Pesticide,No Spray
Rice,Flowering,26.7,71,11.0,12.9,0,Fungicide,No Spray
Rice,Mature,33.4,57,32.5,9.7,1,Fungicide,Pesticide
Rice,Flowering,36.1,98,41.8,8.8,0,Pesticide,No Spray
Wheat,Seedling,38.9,63,27.7,6.5,0,No Spray,No Spray
Maize,Mature,30.9,58,17.0,11.3,0,Fertilizer,No Spray
Tomato,Seedling,28.1,71,21.7,4.9,0,Fungicide,No Spray
Maize,Seedling,21.8,58,21.9,5.2,0,Fertilizer,No Spray
Tomato,Seedling,21.5,73,11.8,8.5,1,Pesticide,Fungicide
Wheat,Vegetative,37.0,50,37.6,14.8,1,Fertilizer,Pesticide
Cotton,Seedling,27.5,75,18.7,8.2,0,Fertilizer,No Spray
Cotton,Mature,20.2,84,48.9,3.2,0,No Spray,No Spray
Wheat,Seedling,29.2,42,13.7,6.0,1,Pesticide,Pesticide
Potato,Seedling,33.2,44,49.0,11.9,1,No Spray,Pesticide
Potato,Flowering,25.6,66,2.9,8.1,0,Fertilizer,No Spray
Maize,Vegetative,24.6,33,8.0,4.0,1,No Spray,Pesticide
Maize,Vegetative,32.3,68,25.0,14.0,0,Pesticide,No Spray
Maize,Seedling,37.2,96,31.4,6.4,0,Fungicide,No Spray
Cotton,Vegetative,31.1,40,2.0,13.7,1,Fertilizer,Pesticide
Rice,Seedling,37.0,74,42.2,14.6,0,Pesticide,No Spray
Wheat,Vegetative,37.6,35,41.1,2.9,1,Fungicide,Pesticide
Maize,Seedling,34.0,53,0.9,12.1,0,Fungicide,No Spray
Cotton,Mature,24.1,95,17.1,4.7,1,Fungicide,No Spray
Maize,Mature,22.6,30,33.5,13.1,1,Fertilizer,Pesticide
Wheat,Mature,28.3,48,24.0,13.8,1,Fertilizer,Pesticide
Maize,Vegetative,23.2,37,27.9,11.9,0,Fungicide,No Spray
Tomato,Vegetative,38.1,35,0.6,5.1,1,Pesticide,Pesticide
Rice,Seedling,37.5,80,19.8,3.4,1,Pesticide,Fungicide
Potato,Seedling,35.1,44,8.4,8.8,1,Fungicide,Pesticide
Rice,Seedling,24.6,57,36.6,3.7,0,Fertilizer,No Spray
Tomato,Vegetative,32.4,90,37.9,4.6,1,Fungicide,Fungicide
Potato,Vegetative,30.4,36,36.2,9.1,1,Pesticide,Pesticide
Rice,Vegetative,33.4,65,16.6,2.8,1,Pesticide,Pesticide
Tomato,Mature,38.2,31,1.4,13.4,1,Fungicide,Pesticide
Maize,Vegetative,37.8,55,38.0,4.5,1,Pesticide,Pesticide
Potato,Mature,34.2,38,16.1,3.8,0,Pesticide,No Spray
Tomato,Flowering,35.7,96,39.7,8.0,0,Fungicide,No Spray
Potato,Seedling,33.0,48,19.2,11.9,1,Fertilizer,Pesticide
Potato,Flowering,23.3,64,3.9,8.1,1,No Spray,Pesticide
Potato,Seedling,23.6,39,3.8,13.8,1,Fertilizer,Pesticide
Tomato,Seedling,38.0,66,20.5,5.6,1,Fungicide,Pesticide
Tomato,Seedling,31.6,48,12.0,9.2,1,Fungicide,Pesticide
Tomato,Mature,21.8,88,24.4,3.4,1,Pesticide,Fungicide
Potato,Mature,36.3,84,10.6,14.3,0,No Spray,No Spray
Cotton,Vegetative,34.1,36,47.3,3.2,0,Fertilizer,No Spray
Maize,Flowering,26.0,94,8.6,4.8,0,Pesticide,No Spray
Maize,Vegetative,25.1,97,49.5,4.4,0,No Spray,No Spray
Rice,Flowering,21.9,34,25.2,5.6,0,Fungicide,No Spray
Cotton,Vegetative,39.9,59,38.9,11.4,0,Fertilizer,No Spray
Wheat,Seedling,22.8,57,49.9,13.7,1,Fungicide,Pesticide
Potato,Mature,35.0,83,36.0,13.1,0,Pesticide,No Spray
Rice,Mature,39.7,59,6.0,6.5,0,No Spray,Fertilizer
Tomato,Vegetative,27.0,60,2.8,10.7,0,Pesticide,No Spray
Rice,Mature,38.4,94,31.1,8.5,1,Fertilizer,Fungicide
Potato,Vegetative,28.0,44,9.2,11.1,1,Fungicide,Pesticide
Wheat,Flowering,25.9,82,35.0,2.9,0,Fungicide,No Spray
Wheat,Vegetative,38.8,60,49.8,5.4,1,Pesticide,Pesticide
Maize,Mature,25.8,61,2.5,3.1,1,Fungicide,Pesticide
Potato,Flowering,25.0,57,31.6,7.6,1,No Spray,Pesticide
Tomato,Vegetative,33.1,42,17.4,3.1,1,Pesticide,Pesticide
Wheat,Flowering,34.9,98,12.5,12.1,1,Fertilizer,No Spray
Tomato,Seedling,23.7,40,29.0,4.0,1,Fertilizer,Pesticide
Rice,Seedling,33.4,43,29.3,11.8,1,Pesticide,Pesticide
Potato,Seedling,27.3,31,38.7,10.1,0,Pesticide,No Spray
Wheat,Vegetative,20.9,36,10.3,14.7,0,Pesticide,No Spray
Wheat,Flowering,32.2,56,16.0,3.4,1,Fertilizer,Pesticide
Maize,Seedling,39.7,35,36.1,11.4,0,Pesticide,No Spray
Cotton,Flowering,23.5,61,3.8,4.4,0,Pesticide,No Spray
Maize,Mature,38.5,71,24.2,6.7,0,Fertilizer,No Spray
Maize,Seedling,29.5,75,30.0,2.7,1,Fungicide,No Spray
Tomato,Seedling,36.3,41,19.1,12.5,0,Fungicide,No Spray
Potato,Seedling,35.6,32,1.9,2.9,0,Fertilizer,No Spray
Potato,Mature,38.7,51,36.0,2.5,0,Fungicide,No Spray
Maize,Flowering,23.0,74,47.4,3.7,1,Pesticide,No Spray
Wheat,Flowering,24.3,41,42.4,12.1,0,Pesticide,No Spray
Maize,Flowering,20.1,84,38.7,12.2,1,Fertilizer,No Spray
Rice,Vegetative,38.5,76,7.0,8.6,0,Fungicide,No Spray
Cotton,Vegetative,31.6,90,42.6,12.4,1,Fertilizer,No Spray
Rice,Mature,32.5,61,49.7,14.1,0,Fungicide,No Spray
Maize,Mature,28.7,84,23.6,11.4,1,Pesticide,No Spray
Tomato,Seedling,34.7,63,15.5,11.0,1,No Spray,Pesticide
Cotton,Vegetative,20.2,67,22.8,5.3,0,No Spray,No Spray
Potato,Mature,35.0,39,46.1,10.7,0,No Spray,No Spray
Potato,Vegetative,30.2,44,7.9,10.9,0,Fungicide,No Spray
Maize,Mature,26.5,93,6.9,5.0,1,No Spray,Fertilizer
Cotton,Vegetative,34.2,35,3.8,4.6,1,No Spray,Pesticide
Cotton,Vegetative,23.5,57,36.8,11.9,0,No Spray,No Spray
Wheat,Vegetative,36.1,73,6.2,9.4,0,Fertilizer,No Spray
Tomato,Seedling,21.3,97,36.9,7.8,1,Fungicide,Fungicide
Maize,Mature,24.6,54,8.9,0.6,0,Fertilizer,Fertilizer
Potato,Vegetative,23.3,42,23.6,13.5,0,Fertilizer,No Spray
Potato,Seedling,39.0,31,16.9,12.3,0,Pesticide,No Spray
Tomato,Flowering,35.6,82,15.2,3.6,0,Fungicide,No Spray
Wheat,Vegetative,26.2,57,4.6,1.6,0,Fertilizer,No Spray
Rice,Vegetative,38.1,33,49.1,11.9,1,Pesticide,Pesticide
Cotton,Mature,27.4,36,7.9,1.2,0,Fertilizer,Fertilizer
Tomato,Flowering,31.3,90,3.3,13.5,1,No Spray,Fungicide
Potato,Flowering,36.8,45,7.5,13.8,1,Fertilizer,Pesticide
Cotton,Mature,35.6,73,7.2,10.2,1,Fungicide,Fertilizer
Cotton,Flowering,38.5,98,48.6,8.8,0,Fertilizer,No Spray
Cotton,Mature,24.4,45,10.7,10.1,0,Fertilizer,No Spray
Maize,Seedling,31.4,52,31.6,9.9,1,Fertilizer,Pesticide
Tomato,Vegetative,35.7,46,43.9,11.2,1,No Spray,Pesticide
Maize,Vegetative,22.3,84,4.9,0.8,1,Fertilizer,No Spray
Cotton,Mature,27.5,33,42.3,12.4,0,Pesticide,No Spray
Wheat,Seedling,38.3,77,9.8,6.8,0,Fungicide,No Spray
Rice,Mature,37.8,34,30.1,12.3,0,Fertilizer,No Spray
Cotton,Seedling,29.2,60,46.8,8.4,0,No Spray,No Spray
Potato,Flowering,20.7,88,4.6,7.8,0,Fungicide,No Spray
Wheat,Vegetative,22.5,86,4.8,1.8,1,Pesticide,No Spray
Rice,Flowering,21.4,54,4.8,14.0,1,Fertilizer,Pesticide
Wheat,Flowering,31.0,30,14.2,7.2,1,No Spray,Pesticide
Rice,Vegetative,30.3,33,7.1,0.7,0,No Spray,No Spray
Tomato,Vegetative,31.0,65,32.2,5.7,1,No Spray,Pesticide
Maize,Mature,26.8,48,8.7,12.2,1,Pesticide,Pesticide
Cotton,Vegetative,37.4,60,24.6,3.5,1,Fertilizer,Pesticide
Cotton,Mature,23.6,81,34.2,10.0,0,Fertilizer,No Spray
Potato,Flowering,34.7,35,8.7,11.8,0,Fertilizer,No Spray
Rice,Mature,28.5,87,15.1,12.2,0,Fertilizer,No Spray
Wheat,Flowering,34.8,79,31.8,10.6,0,No Spray,No Spray
Wheat,Vegetative,37.4,63,20.7,10.1,1,Fungicide,Pesticide
Rice,Flowering,24.3,93,6.4,10.8,1,No Spray,Fungicide
Rice,Seedling,30.9,35,26.9,9.8,1,Pesticide,Pesticide
Maize,Flowering,28.8,56,11.6,0.8,0,Fungicide,No Spray
Tomato,Vegetative,31.4,94,41.8,2.0,1,Fungicide,Fungicide
Rice,Mature,33.4,91,8.3,9.5,0,Pesticide,Fertilizer
Rice,Mature,25.7,73,13.1,3.9,1,Pesticide,Fungicide
Maize,Mature,38.0,42,21.3,7.9,0,Fertilizer,No Spray
Maize,Vegetative,21.1,69,3.0,15.0,0,Fertilizer,No Spray
Maize,Flowering,23.2,43,31.9,7.5,1,Fertilizer,Pesticide
Cotton,Flowering,23.6,96,17.1,6.3,0,Fungicide,No Spray
Potato,Mature,37.4,40,27.9,7.9,1,Fertilizer,Pesticide
Rice,Flowering,26.3,83,11.7,13.7,1,Pesticide,Fungicide
Cotton,Seedling,35.5,48,27.4,15.0,1,Pesticide,Pesticide
Tomato,Flowering,34.3,35,19.9,12.4,1,Fertilizer,Pesticide
Tomato,Seedling,22.4,50,21.3,12.1,1,Fungicide,Pesticide
Wheat,Mature,38.2,83,47.8,0.6,0,Fungicide,No Spray
Maize,Seedling,33.6,38,12.2,3.5,1,Pesticide,Pesticide
Tomato,Vegetative,32.8,66,38.2,12.3,0,Pesticide,No Spray
Rice,Mature,25.7,87,0.8,6.5,0,Pesticide,Fertilizer
Wheat,Vegetative,36.2,91,23.5,13.7,0,Pesticide,No Spray
Rice,Flowering,38.7,62,17.5,9.0,1,Pesticide,Pesticide
Wheat,Mature,36.6,76,41.4,11.2,1,Pesticide,No Spray
Maize,Flowering,26.4,67,15.7,12.3,1,Fungicide,Pesticide
Wheat,Mature,30.1,99,18.3,12.2,0,Fertilizer,No Spray
Cotton,Mature,38.9,57,12.3,1.4,1,No Spray,Pesticide
Rice,Flowering,34.8,87,48.6,4.3,1,Pesticide,Fungicide
Rice,Flowering,24.7,59,12.3,3.8,0,Pesticide,No Spray
Tomato,Mature,27.3,84,49.7,5.2,1,Fertilizer,Fungicide
Potato,Mature,29.3,55,41.5,7.3,1,Fungicide,Pesticide
Wheat,Seedling,33.6,56,21.8,6.4,0,Pesticide,No Spray
Maize,Mature,28.3,90,16.9,2.3,1,Pesticide,No Spray
Maize,Vegetative,39.1,39,48.7,0.5,0,Fungicide,No Spray
Wheat,Mature,26.9,66,33.5,7.1,0,No Spray,No Spray
Rice,Seedling,37.1,86,44.2,14.7,0,Fertilizer,No Spray
Rice,Mature,36.8,66,26.6,4.9,1,No Spray,Pesticide
Maize,Seedling,29.2,77,29.3,5.2,1,No Spray,No Spray
Cotton,Seedling,30.2,69,22.6,4.8,0,Fertilizer,No Spray
Potato,Seedling,31.5,41,32.8,2.8,0,Fungicide,No Spray
Tomato,Vegetative,26.3,40,49.8,2.1,0,No Spray,No Spray
Rice,Flowering,38.0,65,0.1,9.1,0,Pesticide,No Spray
Tomato,Seedling,27.6,71,33.3,2.8,0,Fertilizer,No Spray
Tomato,Flowering,33.8,64,19.2,14.3,0,No Spray,No Spray
Wheat,Vegetative,31.5,93,26.8,5.7,0,No Spray,No Spray
Cotton,Mature,31.5,88,38.0,13.9,1,Fungicide,No Spray
Potato,Flowering,39.9,31,5.5,9.2,1,Fertilizer,Pesticide
Potato,Flowering,31.2,55,27.1,6.0,0,Pesticide,No Spray
Rice,Seedling,21.3,43,15.9,12.3,0,Fertilizer,No Spray
Maize,Seedling,38.6,55,19.4,3.6,1,No Spray,Pesticide
Rice,Vegetative,27.3,65,41.0,7.5,0,No Spray,No Spray
Rice,Vegetative,21.6,32,22.5,10.5,1,No Spray,Pesticide
Maize,Mature,39.1,80,34.6,1.7,1,Fungicide,No Spray
Wheat,Flowering,21.8,92,11.0,2.9,1,Fungicide,No Spray
Cotton,Mature,22.2,88,1.9,11.8,0,No Spray,Fertilizer
Cotton,Flowering,21.3,35,26.0,4.1,1,Fertilizer,Pesticide
Rice,Vegetative,28.3,34,42.5,14.8,1,No Spray,Pesticide
Tomato,Vegetative,25.8,94,33.6,3.8,1,Pesticide,Fungicide
Rice,Seedling,26.3,61,48.7,1.0,1,Fungicide,Pesticide
Potato,Vegetative,20.4,31,41.9,12.9,1,Fertilizer,Pesticide
Maize,Flowering,30.3,58,6.4,4.8,0,Pesticide,No Spray
Rice,Seedling,32.0,72,17.4,14.2,0,Fungicide,No Spray
Potato,Mature,39.3,59,32.4,8.5,0,Fertilizer,No Spray
Tomato,Vegetative,24.3,59,14.7,1.4,0,Fungicide,No Spray
Potato,Seedling,34.4,65,3.0,3.3,0,Fungicide,No Spray
Maize,Flowering,28.2,44,45.0,1.0,0,No Spray,No Spray
Cotton,Mature,37.2,47,14.9,10.6,0,Pesticide,No Spray
Maize,Flowering,38.0,78,1.9,2.6,0,No Spray,No Spray
Maize,Seedling,26.9,67,24.1,14.7,0,Pesticide,No Spray
Maize,Mature,28.8,70,37.4,10.2,1,Pesticide,Pesticide
Maize,Mature,38.1,37,29.2,6.7,0,Fungicide,No Spray
Tomato,Mature,22.6,97,25.8,9.6,0,No Spray,No Spray
Rice,Vegetative,23.0,96,31.0,4.9,1,Pesticide,Fungicide
Maize,Vegetative,36.9,73,41.8,4.6,1,Fungicide,No Spray
Tomato,Mature,35.5,57,2.7,12.1,1,No Spray,Pesticide
Tomato,Seedling,36.6,99,1.3,14.5,1,Pesticide,Fungicide
Cotton,Vegetative,31.4,68,4.2,13.4,0,No Spray,No Spray
Tomato,Flowering,26.9,84,0.0,8.8,0,Fertilizer,No Spray
Cotton,Seedling,36.4,54,41.7,2.8,0,Fertilizer,No Spray
Rice,Vegetative,21.8,60,5.0,7.0,1,Fertilizer,Pesticide
Tomato,Seedling,29.4,61,24.9,1.4,0,Fertilizer,No Spray
Tomato,Mature,22.7,94,31.7,8.1,1,No Spray,Fungicide
Tomato,Vegetative,22.0,40,7.8,10.7,1,Fertilizer,Pesticide
Maize,Flowering,39.1,54,16.8,2.3,1,No Spray,Pesticide
Wheat,Seedling,36.7,37,20.8,2.7,1,Fertilizer,Pesticide
Tomato,Mature,21.2,39,41.3,6.3,1,Fungicide,Pesticide
Wheat,Seedling,33.0,49,41.2,14.7,0,No Spray,No Spray
Potato,Seedling,23.0,58,16.2,14.3,0,Fertilizer,No Spray
Maize,Flowering,24.9,91,43.6,2.0,0,Fertilizer,No Spray
Wheat,Vegetative,26.8,82,21.8,10.0,1,Fertilizer,No Spray
Potato,Mature,22.4,88,5.0,6.8,0,Fungicide,Fertilizer
Wheat,Flowering,31.2,38,28.3,2.5,0,Fertilizer,No Spray
Tomato,Seedling,34.1,42,49.1,5.5,1,Fungicide,Pesticide
Tomato,Seedling,21.1,77,39.5,11.6,0,Pesticide,No Spray
Maize,Seedling,29.7,81,3.0,4.9,1,Pesticide,No Spray
Rice,Vegetative,32.6,92,6.2,2.1,1,Fungicide,Fungicide
Potato,Mature,39.7,31,28.2,10.2,1,No Spray,Pesticide
Potato,Vegetative,21.4,41,40.8,2.6,1,Fertilizer,Pesticide
Rice,Vegetative,28.0,49,24.2,2.3,0,Pesticide,No Spray
Cotton,Flowering,24.5,46,3.5,9.2,0,Pesticide,No Spray
Potato,Mature,39.3,59,40.5,13.2,1,Pesticide,Pesticide
Potato,Seedling,30.7,33,9.2,14.9,0,Pesticide,No Spray
Wheat,Vegetative,33.6,40,21.1,8.2,0,Fungicide,No Spray
Rice,Seedling,38.0,68,9.8,1.5,1,Pesticide,Pesticide
Cotton,Vegetative,35.2,59,12.5,6.6,1,Fertilizer,Pesticide
Rice,Seedling,22.0,75,7.9,14.6,1,Fungicide,Fungicide
Potato,Flowering,27.1,75,14.9,9.2,1,Fungicide,No Spray
Maize,Flowering,33.4,39,1.6,3.6,0,Fertilizer,No Spray
Wheat,Mature,29.2,66,0.0,7.1,1,Fungicide,Pesticide
Cotton,Seedling,27.2,91,39.4,11.4,1,Fungicide,No Spray
Cotton,Seedling,27.5,43,41.9,7.8,1,No Spray,Pesticide
Cotton,Flowering,38.3,48,34.3,13.9,0,No Spray,No Spray
Maize,Flowering,39.3,42,0.9,14.3,0,Fungicide,No Spray
Tomato,Seedling,28.2,47,18.9,12.8,1,Fertilizer,Pesticide
Wheat,Mature,39.6,46,6.8,8.0,0,Fungicide,Fertilizer
Wheat,Seedling,23.8,66,11.4,4.4,1,Fertilizer,Pesticide
Potato,Mature,30.4,59,48.0,3.6,1,Pesticide,Pesticide
Cotton,Vegetative,33.8,96,36.9,13.8,1,Fungicide,No Spray
Rice,Flowering,24.0,72,37.8,8.1,1,Fungicide,Fungicide
Cotton,Vegetative,30.0,42,18.6,7.6,0,Pesticide,No Spray
Maize,Seedling,35.5,42,24.0,12.9,1,Fungicide,Pesticide
Cotton,Vegetative,23.3,70,18.2,8.3,1,No Spray,Pesticide
Potato,Mature,24.8,47,0.1,12.2,1,No Spray,Pesticide
Rice,Mature,25.7,91,33.5,12.5,1,Pesticide,Fungicide
Potato,Vegetative,24.7,63,4.9,1.5,0,Fertilizer,No Spray
Wheat,Seedling,39.5,61,1.3,6.2,0,Pesticide,No Spray
Tomato,Vegetative,38.2,77,44.2,4.6,0,Fungicide,No Spray
Tomato,Flowering,33.8,87,34.6,9.2,0,Fungicide,No Spray
Rice,Flowering,21.1,38,8.7,1.1,0,Pesticide,No Spray
Potato,Flowering,23.8,71,29.9,7.2,0,Fungicide,No Spray
Cotton,Mature,26.1,33,26.1,1.7,0,Pesticide,No Spray
Potato,Seedling,22.2,88,21.8,2.8,1,No Spray,No Spray
Wheat,Flowering,28.1,49,43.8,12.1,1,Pesticide,Pesticide
Potato,Seedling,24.1,80,28.3,12.4,0,Fungicide,No Spray
Tomato,Flowering,29.0,38,48.6,13.2,1,No Spray,Pesticide
Tomato,Flowering,24.4,32,12.3,12.3,1,Pesticide,Pesticide
Rice,Vegetative,39.8,65,13.0,4.9,1,Pesticide,Pesticide
Potato,Mature,24.3,99,49.8,13.6,0,Fungicide,No Spray
Maize,Seedling,21.7,64,46.2,7.8,1,Fungicide,Pesticide
Cotton,Vegetative,36.7,61,0.1,8.9,1,Fungicide,Pesticide
Wheat,Mature,30.4,53,29.0,8.1,0,Pesticide,No Spray
Tomato,Seedling,39.5,55,16.1,7.3,1,Fertilizer,Pesticide
Cotton,Vegetative,35.2,56,33.4,6.2,1,No Spray,Pesticide
Potato,Seedling,21.2,78,46.7,14.2,1,No Spray,No Spray
Cotton,Seedling,26.6,48,41.0,11.4,1,Pesticide,Pesticide
Maize,Seedling,35.1,41,7.8,7.5,1,Fertilizer,Pesticide
Wheat,Seedling,29.4,88,8.6,14.4,1,Fertilizer,No Spray
Cotton,Mature,37.8,71,20.6,2.3,0,Fertilizer,No Spray
Wheat,Vegetative,39.1,79,8.2,6.5,1,Pesticide,No Spray
Tomato,Seedling,36.7,94,43.8,12.2,0,Fungicide,No Spray
Potato,Flowering,25.6,46,38.8,12.6,1,No Spray,Pesticide
Maize,Flowering,23.8,83,43.6,5.3,1,Fertilizer,No Spray
Tomato,Mature,39.6,69,36.9,9.3,1,Fungicide,Pesticide
Cotton,Seedling,30.3,98,40.1,2.8,1,Fertilizer,No Spray
Maize,Seedling,20.4,85,17.1,14.8,1,No Spray,No Spray
Cotton,Mature,38.0,73,41.8,13.6,0,No Spray,No Spray
Wheat,Mature,22.8,93,27.7,5.2,1,Pesticide,No Spray
Maize,Mature,33.1,38,7.6,7.0,1,Pesticide,Pesticide
Rice,Flowering,34.1,39,16.4,5.2,1,Fertilizer,Pesticide
Tomato,Seedling,38.6,46,45.9,11.4,0,Fertilizer,No Spray
Tomato,Flowering,39.1,50,31.7,12.9,1,Fertilizer,Pesticide
Potato,Mature,24.2,56,28.3,8.4,1,Fungicide,Pesticide
Rice,Vegetative,32.4,42,39.9,3.1,1,Fertilizer,Pesticide
Rice,Vegetative,21.3,57,41.5,5.7,0,Fertilizer,No Spray
Tomato,Mature,33.6,73,45.4,7.4,1,Fungicide,Fungicide
Maize,Mature,37.2,46,23.8,14.0,0,No Spray,No Spray
Potato,Flowering,26.3,56,17.9,1.5,1,Pesticide,Pesticide
Wheat,Flowering,25.2,84,37.2,4.0,0,Fertilizer,No Spray
Tomato,Mature,33.9,67,9.6,4.2,0,Fertilizer,Fertilizer
Wheat,Flowering,39.6,59,24.4,4.1,1,Pesticide,Pesticide
Cotton,Flowering,36.3,87,33.0,8.8,0,No Spray,No Spray
Potato,Vegetative,30.8,94,35.8,2.2,0,Fungicide,No Spray
Tomato,Vegetative,33.4,50,45.2,1.7,1,Pesticide,Pesticide
Rice,Mature,32.7,63,6.5,5.8,1,Pesticide,Pesticide
Wheat,Seedling,39.2,30,24.3,6.6,1,Fungicide,Pesticide
Maize,Flowering,34.3,95,14.5,10.6,1,Pesticide,No Spray
Maize,Vegetative,37.1,34,26.7,7.0,1,Fungicide,Pesticide
Maize,Flowering,26.0,84,40.8,13.1,0,Pesticide,No Spray
Wheat,Vegetative,29.0,70,30.2,4.1,1,No Spray,Pesticide
Rice,Mature,34.8,46,26.2,5.4,1,No Spray,Pesticide
Tomato,Seedling,30.4,73,22.3,4.8,1,Fungicide,Fungicide
Rice,Seedling,35.0,79,14.1,12.2,0,Pesticide,No Spray
Potato,Flowering,37.7,87,48.4,14.7,0,Fungicide,No Spray
Wheat,Flowering,27.2,52,37.9,9.7,0,Pesticide,No Spray
Tomato,Mature,38.1,64,7.5,13.7,1,Fungicide,Pesticide
Rice,Flowering,28.6,97,9.2,8.2,0,Pesticide,No Spray
Wheat,Flowering,38.5,93,20.4,3.8,1,Fertilizer,No Spray
Cotton,Vegetative,31.9,35,33.0,1.7,1,Fertilizer,Pesticide
Tomato,Flowering,25.7,76,4.7,3.7,0,Fertilizer,No Spray
Potato,Seedling,32.0,73,10.8,3.9,1,Fungicide,No Spray
Potato,Flowering,36.2,92,43.4,4.8,1,Pesticide,No Spray
Rice,Seedling,25.8,62,46.4,7.0,1,Fungicide,Pesticide
Maize,Mature,25.9,40,43.0,5.2,1,Pesticide,Pesticide
Tomato,Vegetative,22.2,84,49.1,12.7,1,No Spray,Fungicide
Tomato,Flowering,29.4,97,34.5,14.6,1,Fungicide,Fungicide
Wheat,Flowering,33.2,94,46.8,11.6,1,Fungicide,No Spray
Maize,Seedling,29.8,80,43.6,9.6,1,Fungicide,No Spray
Tomato,Mature,24.3,84,37.5,1.8,0,No Spray,No Spray
Tomato,Mature,37.0,85,22.7,8.9,1,Fertilizer,Fungicide
Cotton,Seedling,25.9,87,16.6,3.4,0,No Spray,No Spray
Tomato,Flowering,25.1,64,32.3,11.2,0,No Spray,No Spray
Tomato,Seedling,31.3,77,11.9,13.9,1,Fungicide,Fungicide
Cotton,Mature,22.0,63,25.5,13.4,0,Pesticide,No Spray
Cotton,Mature,36.8,60,45.8,14.7,1,Fertilizer,Pesticide
Rice,Vegetative,35.5,41,28.4,8.8,1,Pesticide,Pesticide
Rice,Flowering,38.7,31,0.9,6.2,1,Fungicide,Pesticide
Maize,Flowering,22.7,35,3.5,14.6,0,No Spray,No Spray
Wheat,Seedling,25.4,60,15.7,10.1,1,No Spray,Pesticide
Cotton,Flowering,21.1,94,45.4,11.9,0,No Spray,No Spray
Potato,Seedling,35.2,32,0.7,10.3,1,No Spray,Pesticide
Tomato,Mature,38.4,33,43.8,4.2,1,Pesticide,Pesticide
Tomato,Flowering,37.7,73,13.1,13.4,1,No Spray,Fungicide
Rice,Seedling,38.5,97,48.8,14.5,0,No Spray,No Spray
Wheat,Vegetative,20.8,54,15.5,1.0,1,Pesticide,Pesticide
Rice,Flowering,29.7,76,39.3,1.2,0,Fungicide,No Spray
Wheat,Vegetative,31.8,40,17.9,4.0,1,No Spray,Pesticide
Tomato,Vegetative,21.8,44,43.1,9.6,0,Fungicide,No Spray
Wheat,Flowering,35.6,95,39.3,10.6,1,Pesticide,No Spray
Potato,Flowering,38.3,93,10.3,10.0,1,Pesticide,No Spray
Maize,Vegetative,30.2,73,40.0,13.3,0,Pesticide,No Spray
Rice,Seedling,34.0,76,42.2,12.8,1,No Spray,Fungicide
Potato,Mature,39.8,81,30.6,10.2,0,Fertilizer,No Spray
Cotton,Mature,36.4,65,2.7,4.8,0,Fungicide,Fertilizer
Potato,Mature,20.0,96,47.7,12.4,1,Pesticide,No Spray
Cotton,Mature,20.7,81,4.4,4.8,1,No Spray,Fertilizer
Tomato,Seedling,27.1,81,46.4,6.9,0,Pesticide,No Spray
Tomato,Mature,23.1,64,9.7,0.6,0,No Spray,Fertilizer
Potato,Flowering,29.8,49,14.3,5.2,1,Fungicide,Pesticide
Cotton,Vegetative,35.2,78,15.2,14.1,1,Fungicide,No Spray
Potato,Seedling,21.1,87,8.7,6.1,1,Pesticide,No Spray
Wheat,Mature,34.7,33,33.2,4.0,0,Fungicide,No Spray
Maize,Flowering,39.9,93,9.3,13.0,1,No Spray,No Spray
Rice,Mature,27.0,41,40.4,6.9,1,Fertilizer,Pesticide
Maize,Seedling,29.7,93,40.9,8.7,0,Fertilizer,No Spray
Maize,Flowering,20.9,73,14.7,3.7,1,Fertilizer,No Spray
Maize,Mature,25.9,45,15.5,8.7,0,Fertilizer,No Spray
Maize,Vegetative,20.6,57,41.7,10.3,1,No Spray,Pesticide
Potato,Mature,33.6,42,3.8,5.0,0,Pesticide,Fertilizer
Tomato,Seedling,39.7,83,20.7,1.6,0,Fungicide,No Spray
Maize,Flowering,30.2,99,46.7,9.7,1,No Spray,No Spray
Rice,Vegetative,39.1,83,13.4,5.7,0,Pesticide,No Spray
Maize,Flowering,34.3,59,2.2,10.2,0,Fungicide,No Spray
Maize,Mature,39.2,84,18.0,2.9,1,Pesticide,No Spray
Cotton,Vegetative,30.5,98,36.9,0.7,0,No Spray,No Spray
Wheat,Mature,21.3,42,49.2,8.5,1,Pesticide,Pesticide
Maize,Vegetative,38.3,67,24.1,3.2,0,No Spray,No Spray
Cotton,Vegetative,37.8,59,22.1,6.8,0,Fungicide,No Spray
Maize,Seedling,30.7,77,31.5,9.9,1,No Spray,No Spray
Tomato,Flowering,32.7,88,7.0,11.0,1,Pesticide,Fungicide
Maize,Mature,34.0,80,0.9,6.6,0,Pesticide,Fertilizer
Cotton,Mature,24.8,34,41.3,10.5,0,Fertilizer,No Spray
Maize,Flowering,30.1,78,3.6,12.3,0,Fertilizer,No Spray
Cotton,Vegetative,22.8,46,27.9,7.5,0,Pesticide,No Spray
Tomato,Vegetative,30.1,76,2.4,5.7,0,Pesticide,No Spray
Maize,Seedling,25.8,91,26.2,7.0,0,Fertilizer,No Spray
Rice,Mature,37.1,56,7.1,3.1,1,Fertilizer,Pesticide
Rice,Seedling,29.4,35,28.9,14.4,1,Fungicide,Pesticide
Wheat,Vegetative,28.9,92,15.0,12.4,0,No Spray,No Spray
Wheat,Mature,23.3,71,28.9,1.5,1,Pesticide,No Spray
Tomato,Mature,30.8,47,36.7,6.8,0,Fertilizer,No Spray
Cotton,Seedling,35.7,90,16.6,14.1,1,Pesticide,No Spray
Tomato,Flowering,28.1,33,46.6,11.9,0,Pesticide,No Spray
Wheat,Vegetative,36.1,78,14.0,11.6,1,No Spray,No Spray
Maize,Flowering,32.7,73,40.7,2.9,0,No Spray,No Spray
Wheat,Flowering,23.6,65,5.8,2.8,0,Fertilizer,No Spray
Potato,Mature,20.7,99,48.3,1.9,0,Pesticide,No Spray
Tomato,Flowering,33.4,90,31.8,7.8,1,Fungicide,Fungicide
Potato,Mature,35.5,35,22.2,0.7,1,Pesticide,Pesticide
Tomato,Flowering,21.8,84,45.6,10.0,0,Fertilizer,No Spray
Maize,Seedling,21.8,47,34.5,12.9,0,No Spray,No Spray
Tomato,Seedling,26.5,76,9.4,2.8,0,Fungicide,No Spray
Cotton,Flowering,22.5,98,14.8,5.9,0,Fertilizer,No Spray
Cotton,Flowering,26.6,69,12.7,2.8,0,No Spray,No Spray
Rice,Flowering,22.5,44,23.4,2.3,1,Fertilizer,Pesticide
Tomato,Flowering,25.6,50,4.1,2.5,1,Pesticide,Pesticide
Wheat,Flowering,27.8,59,32.7,1.5,1,Fertilizer,Pesticide
Rice,Vegetative,23.9,78,26.8,7.2,0,Pesticide,No Spray
Rice,Vegetative,24.7,99,2.8,13.1,0,Fungicide,No Spray
Cotton,Flowering,27.6,75,3.8,2.2,1,Fertilizer,No Spray
Tomato,Seedling,24.0,99,44.2,13.4,1,No Spray,Fungicide
Wheat,Vegetative,31.9,45,16.9,1.6,1,Fungicide,Pesticide
Tomato,Mature,21.3,87,3.4,8.3,0,Fertilizer,Fertilizer
Rice,Flowering,37.3,77,41.2,8.6,0,Fertilizer,No Spray
Rice,Mature,37.1,84,48.8,1.0,0,Fungicide,No Spray
Tomato,Seedling,33.2,76,30.4,11.5,0,No Spray,No Spray
Rice,Mature,33.7,69,17.4,2.2,0,Fungicide,No Spray
Maize,Seedling,28.4,69,20.9,2.2,0,No Spray,No Spray
Wheat,Mature,27.3,34,25.7,2.9,1,Fertilizer,Pesticide
Wheat,Vegetative,28.2,86,12.6,7.6,0,Fungicide,No Spray
Wheat,Flowering,21.8,98,2.6,3.3,1,No Spray,No Spray
Potato,Vegetative,34.1,59,13.3,13.6,0,Pesticide,No Spray
Potato,Flowering,35.2,46,3.1,6.5,1,No Spray,Pesticide
Maize,Mature,33.0,51,1.2,3.0,0,Fertilizer,Fertilizer
Cotton,Flowering,38.7,52,36.2,12.7,0,Pesticide,No Spray
Potato,Vegetative,26.4,79,13.7,0.6,1,Pesticide,No Spray
Maize,Vegetative,22.8,31,18.6,3.8,1,No Spray,Pesticide
Maize,Flowering,21.3,42,23.3,12.8,1,No Spray,Pesticide
Cotton,Vegetative,32.1,40,4.9,14.8,1,Pesticide,Pesticide
Tomato,Mature,21.7,41,45.2,10.9,0,Fertilizer,No Spray
Cotton,Seedling,31.1,54,27.2,13.1,0,Pesticide,No Spray
Cotton,Vegetative,29.5,64,23.2,14.0,0,No Spray,No Spray
Wheat,Vegetative,33.3,32,38.6,12.2,1,No Spray,Pesticide
Tomato,Seedling,36.0,84,1.1,5.6,1,Pesticide,Fungicide
Cotton,Mature,32.2,81,19.7,9.7,0,Fungicide,No Spray
Rice,Vegetative,23.9,31,49.8,3.7,0,Pesticide,No Spray
Potato,Flowering,28.5,90,29.4,1.2,0,No Spray,No Spray
Tomato,Flowering,33.4,91,38.3,10.6,1,No Spray,Fungicide
Wheat,Vegetative,29.2,37,40.9,12.8,1,Fungicide,Pesticide
Tomato,Mature,25.1,49,1.8,9.1,0,Fungicide,Fertilizer
Maize,Seedling,20.4,55,3.0,2.3,0,Fungicide,No Spray
Tomato,Seedling,31.2,98,42.8,13.8,0,Pesticide,No Spray
Maize,Mature,28.6,86,10.9,2.6,0,Fungicide,No Spray
Cotton,Mature,30.4,30,6.3,8.5,1,No Spray,Pesticide
Wheat,Flowering,33.6,38,42.4,3.0,0,Pesticide,No Spray
Rice,Vegetative,31.1,71,8.1,8.8,1,Fungicide,Fungicide
Wheat,Flowering,39.9,60,11.0,7.3,0,Fungicide,No Spray
Cotton,Seedling,20.8,53,10.2,13.7,1,Fertilizer,Pesticide
Cotton,Seedling,24.0,39,19.5,14.8,0,Fertilizer,No Spray
Potato,Mature,25.5,47,22.6,13.1,0,No Spray,No Spray
Cotton,Vegetative,34.6,91,21.0,2.3,0,Fertilizer,No Spray
Tomato,Vegetative,38.0,77,49.8,10.3,1,Pesticide,Fungicide
Rice,Flowering,32.2,71,34.9,8.1,0,Fungicide,No Spray
Maize,Seedling,21.9,87,34.1,0.5,0,Pesticide,No Spray
Rice,Seedling,38.6,84,1.6,9.3,1,No Spray,Fungicide
Rice,Mature,29.0,78,39.2,0.8,0,Pesticide,No Spray
Maize,Seedling,34.9,57,34.7,10.8,1,Fertilizer,Pesticide
Cotton,Seedling,26.9,47,16.0,12.6,1,No Spray,Pesticide
Potato,Flowering,22.2,42,36.6,3.1,1,Pesticide,Pesticide
Maize,Vegetative,24.5,59,1.7,8.2,0,Fungicide,No Spray
Wheat,Seedling,21.7,88,20.7,9.4,0,Pesticide,No Spray
Tomato,Mature,26.9,53,44.8,3.3,0,Pesticide,No Spray
Rice,Vegetative,24.2,39,31.5,5.9,1,No Spray,Pesticide
Rice,Vegetative,27.0,39,34.1,2.6,0,Fertilizer,No Spray
Cotton,Seedling,28.9,78,29.1,9.1,0,Fertilizer,No Spray
Rice,Vegetative,25.4,90,48.2,3.6,0,Fungicide,No Spray
Cotton,Mature,37.0,79,30.7,3.8,1,Fertilizer,No Spray
Tomato,Mature,24.6,92,8.3,3.5,1,Fertilizer,Fungicide
Potato,Mature,26.0,76,1.8,5.3,1,No Spray,Fertilizer
Potato,Flowering,32.6,51,27.3,0.7,1,Fungicide,Pesticide
Potato,Flowering,33.6,59,20.5,9.9,0,No Spray,No Spray
Tomato,Vegetative,26.5,83,10.6,5.2,0,No Spray,No Spray
Maize,Vegetative,26.7,39,10.9,4.3,1,Fertilizer,Pesticide
Potato,Mature,36.7,30,35.7,2.9,0,Fertilizer,No Spray
Rice,Mature,29.3,94,13.4,1.0,1,No Spray,Fungicide
Wheat,Seedling,23.4,36,44.0,8.5,0,Pesticide,No Spray
Maize,Flowering,25.5,61,46.5,7.0,0,Pesticide,No Spray
Maize,Seedling,28.4,31,2.6,14.9,0,Pesticide,No Spray
Tomato,Flowering,33.4,37,17.7,10.0,1,Pesticide,Pesticide
Wheat,Vegetative,30.0,92,25.6,13.0,1,Fungicide,No Spray
Cotton,Flowering,38.8,35,42.1,4.0,0,Pesticide,No Spray
Cotton,Seedling,25.0,98,45.9,6.2,0,No Spray,No Spray
Tomato,Seedling,37.5,86,13.0,6.7,1,Pesticide,Fungicide
Potato,Seedling,34.7,85,15.3,10.0,0,No Spray,No Spray
Cotton,Mature,32.0,63,27.4,2.7,1,Fertilizer,Pesticide
Potato,Mature,38.6,88,49.9,11.6,1,No Spray,No Spray
Maize,Flowering,34.0,66,23.9,1.2,0,Pesticide,No Spray
Maize,Vegetative,22.5,62,40.3,12.2,0,Fungicide,No Spray
Cotton,Mature,24.1,98,18.6,13.5,1,Fertilizer,No Spray
Tomato,Mature,26.3,95,20.8,12.7,1,No Spray,Fungicide
Rice,Seedling,32.2,56,11.6,12.2,0,Fungicide,No Spray
Tomato,Seedling,24.9,49,7.6,10.8,0,Fungicide,No Spray
Tomato,Seedling,28.6,43,28.0,7.1,0,No Spray,No Spray
Tomato,Seedling,33.0,63,18.8,8.7,1,Pesticide,Pesticide
Cotton,Mature,35.1,86,3.3,10.5,1,Fertilizer,Fertilizer
Tomato,Vegetative,25.8,92,22.6,3.0,1,Fungicide,Fungicide
Tomato,Seedling,34.2,41,38.0,11.1,0,Pesticide,No Spray
Rice,Vegetative,28.7,56,35.9,11.1,1,Fertilizer,Pesticide
Tomato,Seedling,23.1,90,31.7,5.3,1,Pesticide,Fungicide
Wheat,Vegetative,37.8,33,2.9,10.6,0,Fertilizer,No Spray
Maize,Flowering,34.9,90,37.2,13.5,1,Pesticide,No Spray
Potato,Flowering,23.4,83,4.7,7.9,0,Fertilizer,No Spray
Tomato,Mature,26.6,32,13.7,4.9,0,No Spray,No Spray
Maize,Flowering,32.4,61,8.5,8.9,1,Fertilizer,Pesticide
Tomato,Vegetative,28.2,98,42.0,12.7,0,Fungicide,No Spray
Cotton,Vegetative,27.2,75,40.3,1.5,0,No Spray,No Spray
Cotton,Mature,23.9,44,4.9,7.1,1,No Spray,Pesticide
Rice,Vegetative,35.9,40,30.8,5.7,1,No Spray,Pesticide
Wheat,Seedling,37.3,44,4.2,1.2,0,Fertilizer,No Spray
Wheat,Seedling,26.5,39,32.8,2.8,0,No Spray,No Spray
Cotton,Vegetative,24.9,53,20.9,1.2,1,Fertilizer,Pesticide
Maize,Seedling,21.1,67,48.1,11.3,1,Fertilizer,Pesticide
Tomato,Vegetative,32.3,44,44.4,4.1,0,Fungicide,No Spray
Cotton,Vegetative,25.4,100,27.4,14.0,1,Pesticide,No Spray
Tomato,Mature,31.0,79,2.5,10.2,0,Fungicide,Fertilizer
Rice,Vegetative,36.0,92,48.9,10.5,1,No Spray,Fungicide
Rice,Mature,38.5,77,32.8,6.8,1,Fungicide,Fungicide
Rice,Flowering,21.2,34,50.0,9.0,1,No Spray,Pesticide
Wheat,Seedling,38.9,100,19.6,8.9,0,Fungicide,No Spray
Wheat,Seedling,32.8,34,11.9,0.9,1,Fungicide,Pesticide
Wheat,Mature,23.2,66,45.8,6.4,0,Fertilizer,No Spray
Wheat,Vegetative,30.2,95,6.5,3.6,0,No Spray,No Spray
Maize,Flowering,28.3,59,49.7,14.0,1,Fertilizer,Pesticide
Tomato,Flowering,27.0,77,45.5,7.9,1,No Spray,Fungicide
Wheat,Seedling,23.5,94,30.3,14.6,0,Pesticide,No Spray
Rice,Seedling,28.2,35,49.6,2.0,1,Fungicide,Pesticide
Maize,Vegetative,29.5,65,38.5,6.1,1,Pesticide,Pesticide
Potato,Seedling,38.6,36,47.5,6.5,1,No Spray,Pesticide
Cotton,Vegetative,34.3,71,32.6,8.8,0,No Spray,No Spray
Rice,Seedling,38.1,44,39.2,11.9,1,Pesticide,Pesticide
Cotton,Vegetative,20.2,42,48.2,13.2,0,Fertilizer,No Spray
Rice,Vegetative,22.7,97,10.9,8.1,1,Fertilizer,Fungicide
Tomato,Flowering,39.5,52,34.7,7.4,1,Fertilizer,Pesticide
Potato,Seedling,22.9,94,14.6,9.6,1,Fungicide,No Spray
Tomato,Vegetative,20.3,93,21.6,8.0,1,Pesticide,Fungicide
Potato,Vegetative,38.9,60,3.1,10.0,0,No Spray,No Spray
Maize,Vegetative,24.5,98,45.0,11.0,0,Pesticide,No Spray
Rice,Seedling,34.2,49,0.5,8.3,1,Fertilizer,Pesticide
Cotton,Flowering,27.1,81,39.7,12.8,1,Fungicide,No Spray
Tomato,Vegetative,37.1,72,8.7,1.8,1,Fertilizer,Fungicide
Tomato,Mature,28.1,57,8.0,14.6,1,Pesticide,Pesticide
Cotton,Seedling,27.0,80,4.2,7.7,1,Fertilizer,No Spray
Cotton,Flowering,22.3,40,33.7,2.3,0,Fungicide,No Spray
Potato,Flowering,36.5,65,45.8,7.8,1,Fungicide,Pesticide
Maize,Mature,23.4,84,30.8,2.7,1,Fertilizer,No Spray
Maize,Flowering,32.8,100,40.8,5.5,1,Fungicide,No Spray
Potato,Flowering,32.4,98,2.3,4.2,1,Pesticide,No Spray
Wheat,Vegetative,34.1,72,26.0,1.7,0,Pesticide,No Spray
Tomato,Vegetative,21.6,46,12.8,7.4,0,Pesticide,No Spray
Cotton,Mature,28.2,100,14.5,11.6,1,Fungicide,No Spray
Wheat,Mature,35.5,59,8.2,13.2,0,No Spray,Fertilizer
Rice,Vegetative,31.3,95,42.9,5.8,1,No Spray,Fungicide
Cotton,Flowering,32.2,72,0.3,10.3,1,No Spray,No Spray
Potato,Flowering,25.2,78,33.8,1.9,0,Fungicide,No Spray
Rice,Mature,28.6,76,40.1,11.6,1,No Spray,Fungicide
Potato,Flowering,35.1,45,19.6,8.2,1,Fertilizer,Pesticide
Maize,Flowering,27.3,75,37.1,2.2,0,Fungicide,No Spray
Wheat,Seedling,32.8,88,36.1,13.5,1,No Spray,No Spray
Tomato,Vegetative,34.4,52,4.0,4.4,1,Fungicide,Pesticide
Tomato,Seedling,21.0,54,41.7,12.2,1,Fungicide,Pesticide
Cotton,Vegetative,31.5,78,36.3,9.8,0,Pesticide,No Spray
Maize,Seedling,20.8,93,23.4,10.6,1,Fungicide,No Spray
Wheat,Vegetative,34.9,51,2.7,3.5,0,Fertilizer,No Spray
Wheat,Seedling,31.1,52,19.1,3.6,1,No Spray,Pesticide
Wheat,Seedling,34.7,42,9.9,13.5,1,Fertilizer,Pesticide
Tomato,Mature,30.8,92,25.3,9.9,0,Fungicide,No Spray
Potato,Mature,35.0,52,28.5,7.2,0,Fungicide,No Spray
Wheat,Flowering,25.9,48,25.5,4.1,1,Fertilizer,Pesticide
Wheat,Seedling,37.5,67,28.9,12.6,0,No Spray,No Spray
Cotton,Mature,38.8,69,37.6,2.9,1,Fertilizer,Pesticide
Tomato,Vegetative,35.1,43,28.3,7.8,0,Pesticide,No Spray
Maize,Vegetative,28.4,60,16.5,12.3,1,No Spray,Pesticide
Cotton,Vegetative,28.5,75,21.0,0.6,0,Pesticide,No Spray
Tomato,Seedling,30.4,66,44.9,5.5,0,Fertilizer,No Spray
Rice,Mature,39.1,36,16.6,2.5,1,No Spray,Pesticide
Maize,Mature,34.9,77,10.6,4.1,0,Fertilizer,No Spray
Wheat,Seedling,31.7,57,44.8,1.3,1,Fungicide,Pesticide
Cotton,Flowering,28.4,72,15.7,1.0,1,No Spray,No Spray
Rice,Flowering,29.1,73,21.0,9.6,0,Fertilizer,No Spray
Maize,Seedling,27.8,75,0.6,5.4,1,Fungicide,No Spray
Cotton,Flowering,31.9,65,19.3,11.9,1,Pesticide,Pesticide
Rice,Mature,28.1,33,28.5,6.3,0,Pesticide,No Spray
Cotton,Mature,24.4,86,46.8,6.8,1,Fungicide,No Spray
Maize,Flowering,24.4,95,28.9,2.2,1,No Spray,No Spray
Wheat,Vegetative,32.9,81,43.5,4.6,1,Fungicide,No Spray
Tomato,Vegetative,26.9,75,39.5,3.9,0,Fungicide,No Spray
Cotton,Flowering,24.3,76,47.4,12.2,1,Fertilizer,No Spray
Maize,Flowering,35.8,45,38.6,3.9,1,Fertilizer,Pesticide
Wheat,Vegetative,32.8,95,12.1,2.7,1,Pesticide,No Spray
Maize,Vegetative,31.8,66,48.1,5.7,0,No Spray,No Spray
Maize,Vegetative,28.4,31,7.6,11.4,0,Fertilizer,No Spray
Wheat,Vegetative,32.7,57,2.6,7.5,0,No Spray,No Spray
Potato,Vegetative,31.7,97,41.5,7.3,1,Fertilizer,No Spray
Potato,Flowering,30.3,58,36.0,11.7,0,Fungicide,No Spray
Wheat,Mature,29.3,57,45.2,8.4,0,Pesticide,No Spray
Rice,Flowering,20.1,91,2.4,14.0,0,Pesticide,No Spray
Rice,Seedling,23.0,56,36.6,7.7,1,No Spray,Pesticide
Maize,Vegetative,23.0,30,30.2,8.1,1,Fungicide,Pesticide
Cotton,Seedling,30.6,39,37.6,12.4,0,No Spray,No Spray
Maize,Mature,33.7,94,45.2,13.6,1,Fertilizer,No Spray
Maize,Mature,22.9,61,16.6,5.7,1,Pesticide,Pesticide
Tomato,Flowering,22.7,58,27.3,3.3,0,Fungicide,No Spray
Tomato,Seedling,26.6,69,4.4,3.8,0,Fungicide,No Spray
Maize,Vegetative,24.7,89,42.0,1.9,1,Pesticide,No Spray
Tomato,Vegetative,34.8,51,9.4,3.0,0,No Spray,No Spray
Maize,Flowering,32.2,79,45.2,2.3,1,No Spray,No Spray
Cotton,Mature,24.6,49,40.5,13.0,1,Fertilizer,Pesticide
Cotton,Vegetative,34.9,34,41.1,12.0,0,Fungicide,No Spray
Tomato,Mature,26.6,42,3.5,5.6,1,Fertilizer,Pesticide
Cotton,Flowering,23.4,63,26.7,3.4,0,Pesticide,No Spray
Wheat,Flowering,23.2,63,10.7,1.0,0,No Spray,No Spray
Maize,Vegetative,24.8,38,24.7,1.3,1,Fertilizer,Pesticide
Rice,Seedling,27.3,69,49.6,12.9,1,Fungicide,Pesticide
Cotton,Vegetative,33.6,31,1.5,1.4,1,Pesticide,Pesticide
Wheat,Flowering,35.1,68,27.2,6.1,0,No Spray,No Spray
Tomato,Seedling,35.1,34,8.8,14.0,0,Pesticide,No Spray
Potato,Seedling,38.1,83,17.0,1.1,1,No Spray,No Spray
Maize,Vegetative,24.9,66,28.2,9.9,0,Pesticide,No Spray
Rice,Vegetative,34.7,60,47.4,7.3,0,Pesticide,No Spray
Potato,Mature,28.7,97,13.5,1.4,0,Pesticide,No Spray
Potato,Seedling,30.8,68,15.3,14.7,0,No Spray,No Spray
Potato,Mature,37.6,46,41.2,8.9,1,Fertilizer,Pesticide
Wheat,Vegetative,39.4,81,45.7,7.5,0,Pesticide,No Spray
Cotton,Flowering,33.6,89,9.9,13.0,1,Fertilizer,No Spray
Rice,Flowering,31.3,55,49.9,11.4,1,No Spray,Pesticide
Cotton,Vegetative,35.9,33,33.1,0.6,1,Pesticide,Pesticide
Maize,Flowering,35.2,72,7.0,5.0,1,Pesticide,No Spray
Rice,Flowering,34.1,33,41.3,3.5,0,Fungicide,No Spray
Rice,Vegetative,22.0,60,36.1,13.6,1,Pesticide,Pesticide
Rice,Seedling,32.9,67,22.4,3.0,0,Fertilizer,No Spray
Maize,Vegetative,29.0,54,29.7,7.3,1,Fertilizer,Pesticide
Potato,Vegetative,20.3,30,27.7,7.3,0,Fertilizer,No Spray
Potato,Flowering,31.4,32,13.6,8.9,0,No Spray,No Spray
Tomato,Flowering,34.5,45,4.1,11.7,1,Pesticide,Pesticide
Cotton,Mature,37.2,43,26.2,13.3,1,Fertilizer,Pesticide
Tomato,Flowering,29.1,51,3.7,9.0,0,Pesticide,No Spray
Maize,Seedling,26.7,58,20.4,3.7,0,Pesticide,No Spray
Tomato,Mature,33.1,82,35.7,1.9,1,Fungicide,Fungicide
Rice,Seedling,34.2,95,24.3,1.1,0,No Spray,No Spray
Wheat,Seedling,39.9,97,8.1,14.9,0,Fungicide,No Spray
Tomato,Seedling,25.4,96,15.9,9.6,0,Fertilizer,No Spray
Wheat,Vegetative,27.9,76,13.6,7.4,0,Pesticide,No Spray
Maize,Flowering,37.8,69,13.5,8.7,1,No Spray,Pesticide
Cotton,Mature,23.9,79,10.4,5.1,0,Fertilizer,No Spray
Tomato,Seedling,27.3,50,12.9,10.6,0,Fungicide,No Spray
Maize,Seedling,35.4,51,18.5,6.6,1,Pesticide,Pesticide
Potato,Flowering,37.0,44,10.2,11.7,0,Fertilizer,No Spray
Wheat,Seedling,33.9,82,8.1,3.8,1,No Spray,No Spray
Tomato,Seedling,31.9,65,13.4,4.2,1,No Spray,Pesticide
Rice,Mature,35.1,42,12.8,13.7,0,No Spray,No Spray
Cotton,Mature,20.7,70,22.9,5.2,0,No Spray,No Spray
Potato,Mature,26.1,62,6.2,0.6,0,Pesticide,Fertilizer
Cotton,Vegetative,29.8,52,3.6,11.5,0,Fungicide,No Spray
Cotton,Seedling,25.5,46,4.2,4.4,1,Pesticide,Pesticide
Wheat,Mature,28.0,76,4.0,2.6,0,Pesticide,Fertilizer
Potato,Mature,35.6,54,48.7,1.1,1,No Spray,Pesticide
Rice,Mature,31.2,71,6.6,6.7,0,Fungicide,Fertilizer
Maize,Mature,29.4,100,48.5,13.1,1,Pesticide,No Spray
Maize,Mature,37.0,73,40.7,1.6,1,Fungicide,No Spray
Maize,Seedling,36.5,98,39.9,5.8,1,No Spray,No Spray
Tomato,Seedling,22.8,98,46.8,7.5,1,Fertilizer,Fungicide
Rice,Seedling,33.1,61,17.0,2.0,1,Fungicide,Pesticide
Rice,Flowering,33.4,91,48.1,5.9,0,No Spray,No Spray
Rice,Flowering,32.6,50,39.3,12.5,0,Pesticide,No Spray
Maize,Vegetative,25.7,73,2.5,2.0,0,No Spray,No Spray
Wheat,Vegetative,35.9,51,29.6,8.8,1,Pesticide,Pesticide
Tomato,Seedling,38.4,51,33.8,14.0,0,Fertilizer,No Spray
Potato,Flowering,24.0,68,28.0,5.9,0,Pesticide,No Spray
Rice,Flowering,31.8,61,48.5,10.0,1,Fungicide,Pesticide
Potato,Flowering,33.9,50,33.3,13.4,1,Fertilizer,Pesticide
Cotton,Seedling,37.5,87,37.2,14.5,1,Fertilizer,No Spray
Tomato,Seedling,34.9,30,17.1,1.1,1,Pesticide,Pesticide
Cotton,Seedling,34.7,78,14.3,3.1,0,Fertilizer,No Spray
Cotton,Flowering,23.7,41,24.6,12.0,1,No Spray,Pesticide
Cotton,Flowering,33.9,84,8.6,9.5,0,Fertilizer,No Spray
Tomato,Flowering,33.4,50,19.3,11.1,0,Pesticide,No Spray
Potato,Seedling,27.2,73,1.6,7.9,1,No Spray,No Spray
Maize,Seedling,39.7,31,5.2,13.6,0,Fungicide,No Spray
Potato,Seedling,31.2,45,44.4,5.5,0,Pesticide,No Spray
Potato,Flowering,20.8,90,26.8,1.3,1,Pesticide,No Spray
Maize,Seedling,21.3,60,26.6,8.5,1,Fungicide,Pesticide
Cotton,Vegetative,20.1,83,7.9,11.6,0,Pesticide,No Spray
Wheat,Vegetative,38.7,74,35.2,1.2,0,Pesticide,No Spray
Tomato,Seedling,35.9,32,2.7,14.1,0,Pesticide,No Spray
Cotton,Flowering,30.1,62,30.0,8.8,1,Fertilizer,Pesticide
Tomato,Vegetative,35.3,95,48.5,7.0,0,Fertilizer,No Spray
Wheat,Seedling,22.1,70,3.2,10.3,1,Pesticide,Pesticide
Cotton,Seedling,34.5,57,14.4,4.9,0,No Spray,No Spray
Cotton,Seedling,30.3,78,7.9,2.5,1,Pesticide,No Spray
Potato,Seedling,29.1,74,34.0,4.4,1,Fertilizer,No Spray
Maize,Seedling,25.9,75,26.9,11.1,1,No Spray,No Spray
Potato,Vegetative,30.5,93,10.5,1.2,0,Fungicide,No Spray
Tomato,Seedling,33.8,39,7.9,3.0,0,Fertilizer,No Spray
Potato,Mature,39.8,89,36.4,0.7,0,Pesticide,No Spray
Maize,Vegetative,28.0,51,29.5,10.2,1,Fungicide,Pesticide
Tomato,Mature,31.4,56,7.0,0.6,0,No Spray,Fertilizer
Rice,Flowering,31.3,63,48.0,4.1,1,Pesticide,Pesticide
Potato,Seedling,31.1,48,3.0,4.0,1,Fungicide,Pesticide
Cotton,Mature,21.7,59,8.4,8.6,1,Pesticide,Pesticide
Rice,Seedling,36.6,76,20.7,2.6,0,Fungicide,No Spray
Cotton,Mature,27.0,85,18.0,14.1,1,No Spray,No Spray
Potato,Mature,31.0,45,28.4,10.1,1,Fertilizer,Pesticide
Tomato,Flowering,21.8,30,41.2,2.9,0,No Spray,No Spray
Tomato,Vegetative,27.1,34,34.1,3.8,1,No Spray,Pesticide
Tomato,Mature,24.0,84,27.4,14.5,1,Fertilizer,Fungicide
Rice,Mature,22.1,80,3.4,9.0,0,Fungicide,Fertilizer
Wheat,Flowering,29.9,77,26.3,1.2,1,Fertilizer,No Spray
Tomato,Seedling,20.5,87,26.9,13.7,0,Pesticide,No Spray
Cotton,Vegetative,31.1,42,47.1,6.2,1,Fungicide,Pesticide
Tomato,Seedling,26.2,95,45.5,9.5,1,Fungicide,Fungicide
Wheat,Mature,26.8,88,47.7,4.0,0,Pesticide,No Spray
Maize,Mature,34.5,68,8.6,2.3,1,Fungicide,Pesticide
Tomato,Mature,33.0,55,42.3,5.3,0,No Spray,No Spray
Potato,Mature,31.5,79,28.7,8.4,1,Fertilizer,No Spray
Wheat,Mature,24.3,43,42.2,3.2,1,No Spray,Pesticide
Tomato,Vegetative,33.8,41,1.7,12.1,0,No Spray,No Spray
Potato,Mature,39.3,71,2.4,14.4,1,Fungicide,Fertilizer
Cotton,Mature,23.1,70,29.0,11.8,1,No Spray,Pesticide
Maize,Seedling,29.7,68,0.4,11.2,0,Fungicide,No Spray
Rice,Seedling,21.1,30,31.7,12.8,1,Pesticide,Pesticide
Rice,Vegetative,34.8,71,39.7,13.6,0,Fungicide,No Spray
Tomato,Seedling,21.4,93,4.3,10.9,1,Fungicide,Fungicide
Maize,Mature,22.8,52,2.6,4.3,0,No Spray,Fertilizer
Potato,Vegetative,38.1,42,19.7,13.6,1,Fertilizer,Pesticide
Rice,Flowering,26.1,30,47.8,11.7,0,Fungicide,No Spray
Cotton,Flowering,22.6,81,38.2,10.0,1,Pesticide,No Spray
Cotton,Seedling,28.6,59,29.5,7.1,1,Pesticide,Pesticide
Tomato,Vegetative,25.6,51,28.8,7.3,0,Fungicide,No Spray
Potato,Vegetative,39.0,73,21.7,10.6,1,Fertilizer,No Spray
Wheat,Mature,37.7,67,5.8,8.9,1,Fungicide,Pesticide
Tomato,Seedling,24.5,37,3.6,5.1,0,Fertilizer,No Spray
Maize,Mature,34.5,92,24.3,10.5,1,Pesticide,No Spray
Tomato,Seedling,26.5,37,8.1,13.9,1,No Spray,Pesticide
Tomato,Flowering,33.7,44,29.7,6.2,0,No Spray,No Spray
Maize,Flowering,25.3,45,12.3,9.5,1,Fertilizer,Pesticide
Maize,Mature,32.5,33,27.9,2.3,1,Fungicide,Pesticide
Potato,Flowering,27.7,55,27.3,6.9,0,Fungicide,No Spray
Wheat,Vegetative,20.1,47,8.1,8.0,0,Fertilizer,No Spray
Tomato,Vegetative,32.3,98,9.4,5.6,0,No Spray,No Spray
Rice,Mature,25.0,46,29.5,2.9,1,Pesticide,Pesticide
Rice,Mature,25.5,47,31.5,7.5,0,Fungicide,No Spray
Cotton,Seedling,22.5,70,43.2,6.7,0,Pesticide,No Spray
Maize,Vegetative,22.7,67,28.4,7.2,1,Fertilizer,Pesticide
Cotton,Seedling,26.2,37,41.2,4.4,1,Fertilizer,Pesticide
Tomato,Mature,21.1,59,12.2,13.7,0,Fungicide,No Spray
Wheat,Vegetative,23.0,59,20.3,12.5,0,Fungicide,No Spray
Potato,Seedling,39.0,81,0.9,3.4,1,Fertilizer,No Spray
Potato,Flowering,38.9,82,1.9,14.9,0,Pesticide,No Spray
Tomato,Flowering,22.6,33,4.4,5.9,1,Fertilizer,Pesticide
Cotton,Vegetative,31.5,77,46.8,5.5,0,No Spray,No Spray
Maize,Vegetative,30.8,81,39.6,4.1,0,Fungicide,No Spray
Maize,Mature,39.8,96,21.5,13.0,1,Fertilizer,No Spray
Wheat,Mature,22.0,87,4.5,1.5,1,Pesticide,Fertilizer
Rice,Seedling,31.6,66,27.5,6.5,1,Fungicide,Pesticide
Potato,Vegetative,38.9,85,16.4,10.2,1,No Spray,No Spray
Potato,Seedling,25.8,46,38.8,5.0,0,Fungicide,No Spray
Cotton,Flowering,26.1,91,35.4,9.0,0,No Spray,No Spray
Maize,Mature,23.4,44,42.3,11.3,1,Fungicide,Pesticide
Wheat,Mature,39.2,96,32.7,14.7,1,No Spray,No Spray
Cotton,Flowering,21.3,65,4.4,6.8,1,Fertilizer,Pesticide
Potato,Seedling,31.8,47,38.2,2.1,1,Fungicide,Pesticide
Tomato,Seedling,28.8,100,24.9,12.8,0,No Spray,No Spray
Maize,Mature,38.7,39,30.0,4.5,1,No Spray,Pesticide
Potato,Mature,27.5,86,33.8,5.5,1,Fertilizer,No Spray
Maize,Vegetative,32.2,76,20.4,9.0,0,Fertilizer,No Spray
Maize,Flowering,22.2,94,48.7,2.8,0,Fungicide,No Spray
Wheat,Flowering,22.0,32,45.8,10.9,0,Fungicide,No Spray
Maize,Seedling,22.0,30,3.6,1.1,1,No Spray,Pesticide
Potato,Vegetative,30.1,55,47.8,6.8,0,Fertilizer,No Spray
Cotton,Vegetative,30.2,73,45.5,11.3,1,No Spray,No Spray
Wheat,Flowering,24.4,95,44.5,11.1,1,Pesticide,No Spray
Rice,Seedling,21.8,49,49.8,10.1,1,Fertilizer,Pesticide
Maize,Mature,20.5,34,25.9,13.2,0,Fertilizer,No Spray
Rice,Mature,39.8,33,10.8,4.7,0,Pesticide,No Spray
Wheat,Seedling,23.6,73,19.1,14.3,1,Fertilizer,No Spray
Maize,Flowering,36.0,88,33.6,4.5,1,Fertilizer,No Spray
Tomato,Seedling,37.5,97,7.1,8.9,1,Fungicide,Fungicide
Cotton,Seedling,23.2,64,24.9,2.3,0,No Spray,No Spray
Potato,Flowering,38.7,48,12.1,13.9,1,No Spray,Pesticide
Maize,Mature,23.4,89,14.2,14.4,1,Fertilizer,No Spray
Maize,Vegetative,38.3,90,47.1,0.7,0,Fungicide,No Spray
Rice,Vegetative,30.0,52,26.0,14.0,1,No Spray,Pesticide
Potato,Vegetative,29.6,84,44.9,12.7,1,Fungicide,No Spray
Wheat,Flowering,21.5,42,20.3,2.4,0,Fungicide,No Spray
Potato,Mature,31.5,78,20.3,5.7,0,Fertilizer,No Spray
Maize,Vegetative,39.8,82,1.6,6.9,0,Pesticide,No Spray
Cotton,Seedling,32.2,49,0.7,15.0,0,Fungicide,No Spray
Potato,Seedling,32.8,64,31.7,6.8,0,Fertilizer,No Spray
Wheat,Flowering,39.9,59,41.6,11.9,1,No Spray,Pesticide
Tomato,Seedling,24.2,69,6.9,7.2,0,Fungicide,No Spray
Maize,Seedling,20.8,44,34.3,7.7,1,Pesticide,Pesticide
Potato,Vegetative,34.5,97,17.3,11.8,1,Fungicide,No Spray
Maize,Mature,38.9,97,41.4,6.7,1,Fungicide,No Spray
Wheat,Mature,28.5,54,44.8,13.3,0,Pesticide,No Spray
Rice,Flowering,39.2,97,45.5,0.9,0,Fertilizer,No Spray
Wheat,Vegetative,23.4,32,43.2,3.9,0,Fertilizer,No Spray
Tomato,Mature,32.7,32,36.6,6.4,0,Fungicide,No Spray
Potato,Seedling,39.2,95,15.2,9.1,0,Fungicide,No Spray
Wheat,Vegetative,28.1,100,43.4,12.2,0,Fertilizer,No Spray
Cotton,Seedling,24.0,97,38.6,11.7,0,No Spray,No Spray
Maize,Seedling,23.5,41,22.4,6.6,1,Fungicide,Pesticide
Potato,Flowering,37.5,62,1.0,0.7,1,Fungicide,Pesticide
Rice,Vegetative,27.5,59,24.6,7.1,1,Pesticide,Pesticide
Maize,Vegetative,39.7,69,9.4,5.7,0,No Spray,No Spray
Tomato,Mature,36.6,87,27.1,7.4,1,Fungicide,Fungicide
Potato,Vegetative,24.2,33,43.3,4.1,1,Fungicide,Pesticide
Wheat,Mature,34.9,53,23.4,14.7,0,Pesticide,No Spray
Cotton,Vegetative,35.4,68,44.8,9.6,0,Fertilizer,No Spray
Tomato,Seedling,34.6,66,22.9,6.5,1,Fertilizer,Pesticide
Rice,Mature,21.2,53,40.2,7.5,1,Pesticide,Pesticide
Wheat,Flowering,21.7,75,13.3,1.7,0,Pesticide,No Spray
Potato,Seedling,34.9,62,36.8,13.0,1,No Spray,Pesticide
Cotton,Mature,38.2,45,19.1,3.2,0,Pesticide,No Spray
Tomato,Flowering,36.4,32,13.4,3.9,1,Fertilizer,Pesticide
Potato,Seedling,28.5,99,44.3,9.8,1,Fertilizer,No Spray
Potato,Flowering,38.4,39,16.3,2.6,1,No Spray,Pesticide
Potato,Seedling,34.8,49,7.9,12.3,1,No Spray,Pesticide
Maize,Seedling,20.1,42,23.3,14.3,0,Pesticide,No Spray
Rice,Seedling,21.9,49,37.5,6.2,1,No Spray,Pesticide
Maize,Vegetative,28.2,88,41.8,1.8,0,No Spray,No Spray
Rice,Vegetative,34.5,63,25.4,8.0,1,No Spray,Pesticide
Maize,Vegetative,35.1,31,18.5,13.7,0,No Spray,No Spray
Tomato,Mature,32.2,69,13.0,11.8,0,Fungicide,No Spray
Wheat,Mature,31.9,66,49.1,14.7,1,Fungicide,Pesticide
Rice,Mature,27.9,82,49.3,6.4,1,Fertilizer,Fungicide
Potato,Vegetative,36.7,68,37.5,0.9,1,No Spray,Pesticide
Potato,Mature,26.5,33,42.3,13.0,0,Fungicide,No Spray
Rice,Flowering,37.0,59,49.2,14.1,1,No Spray,Pesticide
Rice,Vegetative,29.6,52,31.3,10.2,1,No Spray,Pesticide
Tomato,Seedling,35.7,92,49.8,6.6,0,No Spray,No Spray
Wheat,Vegetative,31.5,61,3.9,11.1,0,Fertilizer,No Spray
Cotton,Seedling,38.8,59,34.4,11.6,1,Fungicide,Pesticide
Rice,Mature,36.9,47,4.3,2.2,1,Fertilizer,Pesticide
Cotton,Flowering,35.1,92,3.1,13.2,0,Fertilizer,No Spray
Cotton,Flowering,37.9,64,1.7,10.6,0,Pesticide,No Spray
Tomato,Vegetative,35.0,58,5.9,9.6,0,No Spray,No Spray
Rice,Seedling,28.4,81,30.7,8.2,0,Fungicide,No Spray
Rice,Seedling,26.7,61,20.5,5.0,0,Fertilizer,No Spray
Rice,Seedling,33.5,75,48.7,7.6,0,Fungicide,No Spray
Rice,Seedling,26.9,93,31.9,8.7,0,Fertilizer,No Spray
Potato,Seedling,25.2,69,16.5,9.6,0,Fertilizer,No Spray
Tomato,Seedling,23.7,94,34.9,11.4,1,Pesticide,Fungicide
Potato,Vegetative,24.6,48,4.5,4.2,1,Pesticide,Pesticide
Cotton,Vegetative,20.2,66,43.6,11.3,0,Fungicide,No Spray
Rice,Vegetative,33.7,45,3.1,9.0,0,Fertilizer,No Spray
Maize,Mature,26.1,81,35.8,5.0,0,Pesticide,No Spray
Wheat,Mature,39.0,37,47.0,6.1,1,Pesticide,Pesticide
Tomato,Mature,29.2,92,15.6,14.0,1,Pesticide,Fungicide
Maize,Flowering,35.4,48,7.8,1.0,1,No Spray,Pesticide
Maize,Flowering,38.8,80,24.9,5.4,1,Fertilizer,No Spray
Wheat,Vegetative,27.6,90,47.0,5.2,0,No Spray,No Spray
Tomato,Seedling,21.4,67,40.5,12.1,0,Pesticide,No Spray
Potato,Vegetative,34.9,72,11.4,10.4,1,Fungicide,No Spray
Rice,Vegetative,26.7,73,15.3,10.6,0,No Spray,No Spray
Cotton,Seedling,39.1,35,36.1,13.7,1,Fertilizer,Pesticide
Tomato,Seedling,28.4,37,6.1,11.1,1,Fungicide,Pesticide
Wheat,Vegetative,32.1,61,3.3,1.1,1,Fungicide,Pesticide
Wheat,Vegetative,34.6,98,28.5,2.0,1,Fungicide,No Spray
Tomato,Vegetative,34.0,39,46.4,7.1,1,Fertilizer,Pesticide
Rice,Mature,30.8,55,6.7,3.6,1,Fungicide,Pesticide
Cotton,Mature,25.4,60,44.2,14.0,1,Fungicide,Pesticide
Wheat,Mature,32.6,66,48.6,12.7,1,No Spray,Pesticide
Wheat,Mature,28.5,78,11.3,0.7,1,Pesticide,No Spray
Cotton,Seedling,24.6,90,14.8,14.9,1,Fungicide,No Spray
Rice,Seedling,28.7,95,28.0,5.7,0,No Spray,No Spray
Wheat,Mature,36.6,59,46.7,6.9,0,Fungicide,No Spray
Maize,Seedling,31.6,98,7.9,12.7,0,Fungicide,No Spray
Wheat,Mature,21.5,59,34.1,3.0,0,Fertilizer,No Spray
Tomato,Seedling,39.5,41,37.9,4.4,0,Fungicide,No Spray
Cotton,Seedling,39.6,65,43.6,9.1,0,No Spray,No Spray
Potato,Flowering,29.4,52,4.2,14.5,0,No Spray,No Spray
Wheat,Seedling,24.8,72,22.6,3.3,1,Pesticide,No Spray
Cotton,Vegetative,25.2,47,13.5,4.2,1,Fertilizer,Pesticide
Tomato,Flowering,24.4,57,20.3,9.8,0,Fertilizer,No Spray
Wheat,Flowering,35.0,31,30.5,10.2,1,Pesticide,Pesticide
Tomato,Mature,28.1,83,43.7,0.8,0,No Spray,No Spray
Maize,Seedling,35.5,48,6.3,4.9,0,Fungicide,No Spray
Cotton,Vegetative,36.9,92,14.8,8.2,0,No Spray,No Spray
Tomato,Mature,37.4,82,49.6,2.2,1,Fertilizer,Fungicide
Wheat,Vegetative,35.3,76,15.7,4.9,1,Pesticide,No Spray
Maize,Seedling,28.3,65,36.1,10.6,1,Fertilizer,Pesticide
Rice,Flowering,24.6,93,26.4,7.2,1,No Spray,Fungicide
Wheat,Seedling,27.5,96,11.7,6.3,1,Pesticide,No Spray
Cotton,Seedling,36.9,75,32.6,13.4,0,Fertilizer,No Spray
Cotton,Mature,28.2,64,29.4,13.1,0,Fertilizer,No Spray
Cotton,Mature,20.1,34,15.5,11.6,0,No Spray,No Spray
Wheat,Mature,27.0,53,27.8,0.9,0,Fertilizer,No Spray
Maize,Flowering,21.7,70,44.7,8.9,1,Fertilizer,Pesticide
Potato,Flowering,26.8,70,43.6,6.4,0,Pesticide,No Spray
Maize,Seedling,28.4,38,47.9,0.9,1,Fertilizer,Pesticide
Rice,Vegetative,21.9,92,46.8,8.2,1,Pesticide,Fungicide
Wheat,Mature,23.6,63,42.3,1.3,0,Pesticide,No Spray
Tomato,Seedling,35.1,35,32.5,12.5,0,Fertilizer,No Spray
Wheat,Vegetative,22.8,56,11.5,3.7,0,Fertilizer,No Spray
Cotton,Mature,26.0,75,0.3,6.2,0,Pesticide,Fertilizer
Wheat,Vegetative,22.5,48,39.7,9.2,0,Fertilizer,No Spray
Rice,Mature,22.2,77,41.8,14.8,0,Pesticide,No Spray
Rice,Seedling,37.4,93,39.8,14.0,1,Pesticide,Fungicide
Rice,Seedling,25.6,73,40.7,10.5,1,Fungicide,Fungicide
Maize,Mature,21.7,47,47.8,6.9,1,Pesticide,Pesticide
Maize,Flowering,27.7,41,25.2,7.1,0,Fertilizer,No Spray
Wheat,Flowering,33.8,40,37.3,13.0,0,Pesticide,No Spray
Tomato,Vegetative,39.5,36,31.3,7.9,1,Fertilizer,Pesticide
Tomato,Seedling,27.9,49,46.3,14.1,0,Fertilizer,No Spray
Potato,Mature,32.8,55,32.5,3.2,1,Pesticide,Pesticide
Wheat,Flowering,39.6,32,41.4,8.2,0,Fungicide,No Spray
Wheat,Mature,27.9,58,21.9,7.3,0,Fungicide,No Spray
Cotton,Flowering,25.0,30,25.8,5.6,0,No Spray,No Spray
Wheat,Mature,28.7,88,42.6,4.0,1,No Spray,No Spray
Maize,Flowering,25.4,94,49.5,3.1,1,Fertilizer,No Spray
Tomato,Flowering,22.9,84,18.0,5.0,1,No Spray,Fungicide
Potato,Vegetative,39.9,64,38.2,1.0,1,Pesticide,Pesticide
Cotton,Vegetative,29.2,85,18.6,10.1,1,Pesticide,No Spray
Potato,Vegetative,39.9,44,35.4,12.0,1,Fungicide,Pesticide
Maize,Mature,23.0,94,24.8,13.3,1,No Spray,No Spray
Cotton,Flowering,21.6,75,38.7,4.3,1,Fungicide,No Spray
Tomato,Mature,30.4,82,30.0,12.4,1,Fertilizer,Fungicide
Tomato,Vegetative,21.7,50,41.0,4.7,0,Fertilizer,No Spray
Rice,Vegetative,21.5,79,14.4,9.7,1,Fungicide,Fungicide
Cotton,Vegetative,27.1,63,37.4,7.0,0,No Spray,No Spray
Maize,Seedling,27.7,44,3.7,7.9,1,Fertilizer,Pesticide
Tomato,Seedling,26.4,89,27.9,8.1,0,Fungicide,No Spray
Potato,Vegetative,24.2,72,17.5,14.1,0,Fertilizer,No Spray
Tomato,Seedling,34.4,50,34.1,12.8,0,Fertilizer,No Spray
Maize,Flowering,39.5,45,40.2,14.4,0,No Spray,No Spray
Wheat,Seedling,23.3,69,13.5,5.4,1,No Spray,Pesticide
Potato,Mature,20.1,50,21.1,2.4,1,Pesticide,Pesticide
Tomato,Vegetative,35.4,100,4.1,6.2,1,Fertilizer,Fungicide
Rice,Seedling,38.1,54,32.5,3.3,0,Pesticide,No Spray
Wheat,Flowering,37.2,77,49.0,11.9,1,No Spray,No Spray
Potato,Mature,33.5,84,20.7,2.1,1,Fungicide,No Spray
Rice,Mature,24.7,36,29.7,14.5,0,Fungicide,No Spray
Cotton,Flowering,33.1,74,0.2,3.8,0,Fungicide,No Spray
Tomato,Seedling,33.2,73,23.3,0.9,1,Fertilizer,Fungicide
Potato,Mature,36.9,96,8.1,14.4,0,No Spray,Fertilizer
Maize,Seedling,29.1,41,43.1,3.5,1,Fungicide,Pesticide
Maize,Flowering,26.8,83,16.9,7.7,1,No Spray,No Spray
Wheat,Vegetative,34.0,87,21.0,10.7,0,No Spray,No Spray
Maize,Mature,20.4,75,17.6,10.3,0,Fertilizer,No Spray
Tomato,Flowering,21.1,43,25.7,1.8,0,Pesticide,No Spray
Maize,Vegetative,30.4,60,47.2,1.6,1,Pesticide,Pesticide
Tomato,Mature,20.0,35,13.5,10.8,1,Fertilizer,Pesticide
Potato,Mature,22.2,56,19.3,13.5,1,Pesticide,Pesticide
Potato,Seedling,24.2,90,49.9,14.2,1,Fungicide,No Spray
Cotton,Seedling,31.7,57,13.1,2.9,0,Pesticide,No Spray
Rice,Flowering,36.1,65,41.8,4.8,0,Fungicide,No Spray
Potato,Mature,35.2,84,25.2,5.0,0,Fungicide,No Spray
Tomato,Flowering,20.5,87,33.1,4.2,1,Fertilizer,Fungicide
Potato,Mature,36.9,89,24.0,11.8,1,Fungicide,No Spray
Maize,Seedling,21.2,95,10.1,9.7,1,Fungicide,No Spray
Tomato,Seedling,30.5,70,41.1,8.5,1,Pesticide,Pesticide
Rice,Mature,20.3,97,38.7,0.8,0,Fungicide,No Spray
Maize,Mature,38.6,75,21.8,13.8,0,Fertilizer,No Spray
Potato,Seedling,32.3,54,44.4,6.2,0,Pesticide,No Spray
Cotton,Mature,24.7,100,34.5,13.1,0,Fertilizer,No Spray
Maize,Seedling,27.9,38,11.1,2.3,1,No Spray,Pesticide
Cotton,Vegetative,36.3,71,8.9,2.5,0,Fertilizer,No Spray
Potato,Mature,30.8,89,39.7,13.2,0,Pesticide,No Spray
Cotton,Flowering,31.2,60,19.1,5.8,0,Pesticide,No Spray
Potato,Mature,33.1,44,4.2,4.5,1,Pesticide,Pesticide
Potato,Mature,29.3,74,17.7,7.3,1,No Spray,No Spray
Tomato,Vegetative,32.5,79,8.4,9.8,1,Fertilizer,Fungicide
Wheat,Seedling,36.3,76,47.7,9.0,0,Fertilizer,No Spray
Cotton,Mature,30.6,84,24.5,5.1,0,Fungicide,No Spray
Cotton,Vegetative,34.5,81,40.6,14.1,1,Pesticide,No Spray
Potato,Mature,27.5,76,34.6,10.4,0,Fertilizer,No Spray
Wheat,Seedling,33.9,94,14.2,0.9,1,Fungicide,No Spray
Maize,Mature,37.4,78,28.8,11.2,1,Fertilizer,No Spray
Rice,Mature,39.5,61,42.5,9.5,1,Pesticide,Pesticide
Cotton,Mature,23.1,89,6.7,14.6,1,No Spray,Fertilizer
Wheat,Mature,38.3,32,2.1,11.5,0,Pesticide,Fertilizer
Tomato,Seedling,35.6,36,35.4,12.5,0,Fungicide,No Spray
Maize,Vegetative,38.6,40,7.0,8.5,1,Fungicide,Pesticide
Maize,Mature,25.7,46,30.1,9.2,0,Fungicide,No Spray
Rice,Vegetative,30.9,66,8.9,10.9,1,Pesticide,Pesticide
Wheat,Mature,22.4,50,19.2,14.2,1,Fertilizer,Pesticide
Maize,Mature,39.8,40,25.0,1.5,0,Fungicide,No Spray
Tomato,Flowering,35.2,52,39.8,14.9,1,Fungicide,Pesticide
Wheat,Seedling,24.5,78,45.3,10.5,0,No Spray,No Spray
Wheat,Flowering,34.3,51,19.5,3.9,0,No Spray,No Spray
Potato,Seedling,27.3,81,5.0,10.1,1,No Spray,No Spray
Cotton,Seedling,28.1,83,11.9,4.0,1,Fungicide,No Spray
Wheat,Seedling,25.9,54,25.3,10.3,0,Fertilizer,No Spray
Tomato,Mature,40.0,48,21.9,13.8,0,No Spray,No Spray
Potato,Flowering,33.3,45,47.7,11.4,1,Pesticide,Pesticide
Maize,Flowering,36.3,74,13.3,3.1,0,Fungicide,No Spray
Cotton,Vegetative,33.6,56,0.3,6.5,0,Pesticide,No Spray
Cotton,Flowering,39.4,31,48.2,10.6,1,Fungicide,Pesticide
Rice,Seedling,21.8,92,34.4,14.6,1,Fertilizer,Fungicide
Cotton,Seedling,32.5,97,34.7,1.1,1,Fungicide,No Spray
Cotton,Vegetative,37.4,62,29.2,0.8,1,Pesticide,Pesticide
Cotton,Vegetative,33.8,30,14.2,7.5,0,Fungicide,No Spray
Tomato,Vegetative,28.1,61,3.6,4.6,1,Pesticide,Pesticide
Potato,Flowering,34.2,44,8.5,5.1,1,Fertilizer,Pesticide
Rice,Vegetative,33.3,65,41.7,5.2,0,Fungicide,No Spray
Maize,Mature,30.6,80,5.6,9.1,0,Fungicide,Fertilizer
Cotton,Flowering,26.2,37,4.4,6.4,0,Fertilizer,No Spray
Potato,Flowering,37.8,95,5.9,9.4,0,Fungicide,No Spray
Wheat,Vegetative,28.0,46,19.7,13.1,1,Pesticide,Pesticide
Cotton,Seedling,26.6,67,33.7,5.4,1,Fungicide,Pesticide
Cotton,Mature,39.4,74,16.3,9.8,0,Fertilizer,No Spray
Maize,Seedling,20.3,100,38.4,1.9,0,Fungicide,No Spray
Tomato,Vegetative,29.5,73,36.3,3.9,1,Fertilizer,Fungicide
Potato,Mature,20.2,80,40.6,13.9,0,Fertilizer,No Spray
Maize,Mature,38.4,42,14.8,13.4,0,Pesticide,No Spray
Wheat,Seedling,35.1,47,16.0,5.2,1,No Spray,Pesticide
Rice,Vegetative,28.7,36,46.5,11.9,1,No Spray,Pesticide
Cotton,Seedling,22.5,81,43.8,1.0,1,No Spray,No Spray
Tomato,Mature,32.5,47,3.3,4.6,1,Fertilizer,Pesticide
Cotton,Seedling,22.9,70,47.5,9.0,1,Pesticide,Pesticide
Wheat,Flowering,33.6,59,10.3,6.5,0,Fertilizer,No Spray
Maize,Flowering,34.7,81,1.6,1.9,0,Fungicide,No Spray
Cotton,Seedling,35.3,59,20.4,7.1,1,Fertilizer,Pesticide
Maize,Flowering,26.9,44,13.9,8.4,0,Fungicide,No Spray
Tomato,Vegetative,33.2,80,9.2,5.1,0,No Spray,No Spray
Cotton,Mature,22.5,39,39.3,11.8,1,Fungicide,Pesticide
Maize,Flowering,32.5,59,21.3,13.5,1,Fertilizer,Pesticide
Wheat,Flowering,35.5,41,8.9,3.5,1,Pesticide,Pesticide
Rice,Mature,29.3,55,36.7,14.7,0,Fungicide,No Spray
Cotton,Mature,30.4,66,33.7,5.2,1,Pesticide,Pesticide
Wheat,Mature,39.4,80,24.3,1.2,1,Fertilizer,No Spray
Potato,Flowering,20.9,51,13.8,0.9,1,No Spray,Pesticide
Rice,Seedling,38.3,48,39.0,5.0,1,Pesticide,Pesticide
Potato,Flowering,28.8,37,31.8,14.1,1,Pesticide,Pesticide
Potato,Vegetative,26.6,81,34.6,3.1,1,Fertilizer,No Spray
Maize,Vegetative,33.9,36,48.7,4.2,0,Fertilizer,No Spray
Potato,Seedling,20.6,37,39.7,10.4,1,No Spray,Pesticide
Wheat,Mature,22.9,43,9.2,13.8,0,Fungicide,Fertilizer
Tomato,Flowering,21.4,73,40.4,7.9,1,Pesticide,Fungicide
Wheat,Seedling,24.7,98,11.9,10.1,1,Fertilizer,No Spray
Cotton,Seedling,22.0,94,27.7,1.7,0,Fungicide,No Spray
Tomato,Seedling,35.2,66,40.8,7.3,0,Pesticide,No Spray
Potato,Vegetative,32.3,99,9.4,3.7,1,Fertilizer,No Spray
Tomato,Vegetative,37.6,30,23.1,11.6,0,Pesticide,No Spray
Wheat,Flowering,38.8,82,24.7,4.1,1,Pesticide,No Spray
Maize,Vegetative,29.8,95,44.2,11.6,0,Pesticide,No Spray
Wheat,Mature,20.5,89,0.5,14.7,1,Fertilizer,Fertilizer
Potato,Seedling,35.3,74,2.1,2.5,0,Pesticide,No Spray
Cotton,Vegetative,28.7,100,17.7,11.0,1,Fungicide,No Spray
Maize,Vegetative,30.2,47,17.5,8.7,0,Fertilizer,No Spray
Rice,Flowering,31.8,97,16.0,3.8,0,Fertilizer,No Spray
Tomato,Vegetative,26.6,37,24.7,14.9,1,Pesticide,Pesticide
Potato,Seedling,33.6,62,44.3,14.8,0,No Spray,No Spray
Cotton,Seedling,30.4,98,6.4,12.0,1,Fungicide,No Spray
Potato,Flowering,37.5,79,18.9,5.7,1,Pesticide,No Spray
Cotton,Flowering,28.3,34,29.4,10.8,1,Pesticide,Pesticide
Cotton,Vegetative,33.7,87,1.6,7.9,1,Fertilizer,No Spray
Wheat,Seedling,35.8,63,49.9,11.5,1,No Spray,Pesticide
Rice,Vegetative,23.2,96,37.2,4.4,1,Pesticide,Fungicide
Maize,Seedling,38.3,100,43.2,4.0,0,Pesticide,No Spray
Cotton,Vegetative,29.8,60,26.3,9.6,0,Pesticide,No Spray
Potato,Seedling,37.4,40,28.4,14.4,0,No Spray,No Spray
Tomato,Mature,26.9,82,24.3,13.9,0,Fertilizer,No Spray
Maize,Flowering,25.2,61,28.8,12.7,0,No Spray,No Spray
Cotton,Flowering,36.7,61,23.6,7.1,0,Pesticide,No Spray
Wheat,Vegetative,39.5,69,24.5,5.6,0,Fungicide,No Spray
Potato,Seedling,38.4,98,41.2,2.2,0,Pesticide,No Spray
Maize,Vegetative,31.8,54,35.6,4.2,0,No Spray,No Spray
Maize,Seedling,35.8,94,41.8,7.0,1,No Spray,No Spray
Tomato,Vegetative,31.6,94,18.8,2.8,0,Fertilizer,No Spray
Tomato,Mature,31.2,55,2.4,10.4,0,Pesticide,Fertilizer
Cotton,Mature,39.5,88,26.7,15.0,0,Pesticide,No Spray
Wheat,Seedling,36.2,94,8.3,2.9,0,No Spray,No Spray
Wheat,Vegetative,22.1,65,35.9,10.0,0,No Spray,No Spray
Cotton,Vegetative,25.4,34,40.6,5.6,1,No Spray,Pesticide
Cotton,Mature,27.9,83,19.8,10.1,1,Fertilizer,No Spray
Wheat,Mature,21.8,64,43.6,10.6,1,Fertilizer,Pesticide
Wheat,Mature,25.7,58,45.9,6.5,1,Fertilizer,Pesticide
Potato,Seedling,29.1,38,29.7,14.0,1,Fungicide,Pesticide
Maize,Seedling,20.8,34,0.5,2.7,1,No Spray,Pesticide
Wheat,Mature,25.2,52,40.5,4.5,1,No Spray,Pesticide
Maize,Flowering,33.3,60,39.5,13.6,1,No Spray,Pesticide
Tomato,Seedling,24.4,64,43.8,10.8,1,Fungicide,Pesticide
Rice,Seedling,23.5,34,27.7,10.8,0,No Spray,No Spray
Rice,Flowering,35.2,78,42.3,3.5,0,Pesticide,No Spray
Rice,Seedling,22.0,83,19.5,10.5,1,Fungicide,Fungicide
Tomato,Flowering,28.8,69,21.6,0.9,0,Fungicide,No Spray
